證券代號,證券名稱,成交股數,成交筆數,成交金額,開盤價,最高價,最低價,收盤價,漲跌(+/-),漲跌價差,最後揭示買價,最後揭示買量,最後揭示賣價,最後揭示賣量,本益比
1101,台泥,8723219,4196,284872138,32.60,32.80,32.55,32.60,-,0.10,32.60,124,32.65,83,27.63
1101B,台泥乙特,20059,7,984943,49.10,49.15,49.10,49.15,+,0.05,48.65,6,49.15,12,0.00
1102,亞泥,1280868,918,51261908,39.80,40.10,39.80,40.10,+,0.10,39.95,1,40.10,139,13.97
1103,嘉泥,56384,121,1020449,18.05,18.15,18.00,18.15,+,0.10,18.10,1,18.15,22,69.81
1104,環泥,324169,291,9374832,28.85,29.15,28.85,28.85,-,0.10,28.85,30,28.90,4,8.61
1108,幸福,61894,52,945954,15.25,15.30,15.25,15.30,+,0.05,15.30,7,15.35,12,8.32
1109,信大,77493,81,1382513,17.80,17.90,17.80,17.85, ,0.00,17.80,29,17.85,3,10.50
1110,東泥,70085,36,1287458,18.40,18.50,18.25,18.30,-,0.10,18.25,2,18.35,8,38.94
1201,味全,189680,174,3578278,18.85,18.95,18.80,18.85, ,0.00,18.85,5,18.90,4,67.32
1203,味王,4995,61,279902,56.30,56.30,55.80,55.80,-,0.40,55.40,3,56.20,1,32.44
1210,大成,1106039,1532,64360163,58.10,58.70,57.90,58.20,+,0.10,58.10,6,58.20,4,13.23
1213,大飲,23648,27,166166,7.08,7.08,7.05,7.07,+,0.02,7.06,1,7.07,4,0.00
1215,卜蜂,357441,538,34471693,96.80,96.80,96.00,96.80, ,0.00,96.70,2,96.80,16,14.03
1216,統一,3586744,2345,256349825,71.10,71.70,71.10,71.50,-,0.20,71.40,12,71.50,268,21.03
1217,愛之味,428784,326,5021023,11.65,11.75,11.65,11.75,+,0.05,11.70,56,11.75,117,35.61
1218,泰山,361197,322,7618146,20.95,21.15,20.90,21.10,+,0.15,21.10,17,21.15,22,1.97
1219,福壽,136127,130,2593959,19.05,19.10,19.00,19.10,+,0.10,19.05,13,19.10,9,25.47
1220,台榮,84592,76,1176985,13.80,14.00,13.80,13.95,+,0.15,13.90,8,13.95,1,31.70
1225,福懋油,1300,8,68969,53.10,53.10,53.10,53.10,X,0.00,53.20,2,53.70,1,46.58
1227,佳格,157302,237,5937716,37.65,37.80,37.65,37.75, ,0.00,37.70,47,37.75,24,29.04
1229,聯華,1114109,1291,73318964,65.00,66.20,64.90,66.00,+,1.20,65.90,6,66.00,111,26.09
1231,聯華食,80889,237,6988108,85.80,86.80,85.80,86.50,+,0.70,86.40,14,86.70,1,28.08
1232,大統益,27364,94,3868775,140.50,142.00,140.50,142.00,+,1.50,141.50,2,142.00,16,20.23
1233,天仁,3054,16,105066,34.15,34.50,34.15,34.50,+,0.35,34.20,1,34.35,1,30.00
1234,黑松,105433,113,4208125,39.90,40.00,39.75,40.00,+,0.10,40.00,16,40.05,7,16.67
1235,興泰,10000,9,826300,82.00,83.80,82.00,82.70,X,0.00,82.30,2,83.20,1,51.37
1236,宏亞,19612,45,465282,23.80,23.80,23.60,23.60,-,0.05,23.60,5,23.70,1,54.88
1256,鮮活果汁-KY,3784,31,873291,230.50,230.50,230.00,230.00, ,0.00,230.00,1,233.50,1,15.60
1301,台塑,5699554,4265,412605474,71.50,72.90,71.30,72.70,+,1.00,72.60,142,72.70,2,161.56
1303,南亞,3104159,2353,190406057,60.50,61.80,60.40,61.50,+,1.00,61.50,15,61.60,118,89.13
1304,台聚,859147,570,15820386,18.15,18.55,18.10,18.50,+,0.35,18.50,79,18.55,29,30.33
1305,華夏,841186,510,17460324,20.45,20.90,20.45,20.80,+,0.40,20.80,46,20.85,12,37.14
1307,三芳,117491,127,2974605,25.15,25.50,25.15,25.30,-,0.05,25.25,5,25.40,4,14.80
1308,亞聚,567674,465,12763678,22.25,22.60,22.25,22.55,+,0.30,22.50,31,22.55,21,23.49
1309,台達化,1581758,999,25237603,15.55,16.20,15.45,16.05,+,0.65,16.05,15,16.10,34,0.00
1310,台苯,329727,473,4747082,14.30,14.45,14.25,14.45,+,0.20,14.40,12,14.45,20,0.00
1312,國喬,2545809,1043,36872416,14.40,14.60,14.35,14.50,+,0.10,14.50,64,14.55,29,0.00
1312A,國喬特,0,0,0,0,0,0,0, ,0.00,25.70,5,26.00,4,0.00
1313,聯成,2095421,911,30656442,14.40,14.75,14.35,14.70,+,0.40,14.65,19,14.70,62,0.00
1314,中石化,7500483,2359,71541601,9.47,9.60,9.46,9.52,+,0.06,9.52,117,9.53,72,0.00
1315,達新,12402,13,891525,71.90,71.90,71.80,71.80,-,0.10,71.80,12,71.90,13,16.78
1316,上曜,8256169,2795,110526747,13.15,13.75,13.10,13.10,+,0.05,13.10,288,13.15,78,0.00
1319,東陽,21020694,14244,1824959649,87.10,88.50,85.30,86.30,-,0.30,86.30,21,86.40,22,19.88
1321,大洋,48400,51,1762423,36.05,36.50,36.05,36.45,+,0.20,36.35,8,36.50,25,98.51
1323,永裕,25104,15,780889,31.10,31.15,31.10,31.15, ,0.00,31.10,6,31.15,12,22.57
1324,地球,78044,101,1309243,16.90,16.95,16.70,16.70,-,0.30,16.70,22,16.75,1,29.30
1325,恆大,904164,659,33865985,37.25,37.95,37.20,37.55,-,0.05,37.55,2,37.60,13,96.28
1326,台化,4148765,2521,238175052,56.60,57.70,56.50,57.70,+,1.10,57.60,17,57.70,85,360.62
1337,再生-KY,228999,192,1681801,7.27,7.39,7.27,7.36,+,0.09,7.33,5,7.36,13,0.00
1338,廣華-KY,29267,75,1157045,40.35,40.35,39.15,39.35,+,0.35,39.25,1,39.40,1,0.00
1339,昭輝,282906,243,17214244,61.80,61.80,60.50,60.70,-,0.40,60.70,2,60.80,2,13.99
1340,勝悅-KY,58763,195,652739,11.05,11.15,11.00,11.15,+,0.10,11.10,1,11.15,10,0.00
1341,富林-KY,17581,34,1077574,61.20,61.90,60.90,61.90,+,0.20,61.50,1,62.00,4,12.84
1342,八貫,113384,131,13154370,116.00,116.50,115.50,116.50,+,0.50,116.00,6,116.50,2,15.39
1402,遠東新,1863676,1226,57549303,30.90,30.95,30.70,30.95,+,0.10,30.80,17,30.95,111,28.93
1409,新纖,1455964,659,21797368,14.90,15.10,14.90,15.00,+,0.05,14.95,77,15.00,8,34.88
1410,南染,114233,86,4269479,37.40,37.70,37.25,37.30,-,0.15,37.20,7,37.55,1,62.17
1413,宏洲,18154,34,167362,9.29,9.29,9.18,9.20,-,0.09,9.19,2,9.20,7,0.00
1414,東和,36892,66,656906,17.90,17.90,17.75,17.75,-,0.05,17.70,5,17.75,8,253.57
1416,廣豐,139852,211,1627448,11.60,11.70,11.60,11.60,+,0.05,11.60,23,11.65,7,19.66
1417,嘉裕,268133,438,3218867,12.00,12.05,11.95,11.95,-,0.10,11.95,67,12.00,2,37.34
1418,東華,24516,40,552212,22.80,23.00,22.20,22.85,+,1.00,22.25,5,22.50,1,43.11
1419,新紡,31275,32,1416727,45.00,45.50,44.95,45.35, ,0.00,45.25,2,45.45,4,21.00
1423,利華,22636,67,697668,30.60,30.90,30.60,30.80,-,0.05,30.75,13,30.80,1,32.42
1432,大魯閣,2731664,1958,55766167,19.65,21.40,19.55,20.35,+,0.70,20.35,15,20.40,19,28.66
1434,福懋,660355,656,15964021,23.95,24.30,23.85,24.25,+,0.30,24.20,88,24.25,64,49.49
1435,中福,3031,27,166624,55.00,55.00,55.00,55.00,-,2.10,55.00,1,56.50,1,0.00
1436,華友聯,64947,59,5462125,84.20,84.70,83.70,84.40, ,0.00,84.30,1,84.40,1,124.12
1437,勤益控,77936,68,2380024,30.50,30.60,30.50,30.50,-,0.05,30.50,10,30.55,7,10.85
1438,三地開發,395742,239,16157854,40.60,41.15,40.40,41.05,+,0.65,41.00,3,41.05,3,0.00
1439,雋揚,42225,27,1040971,24.65,24.70,24.10,24.45,+,0.20,24.25,3,24.60,1,19.88
1440,南紡,597454,284,9052624,15.05,15.20,15.05,15.15,+,0.05,15.10,208,15.15,4,0.00
1441,大東,16347,96,224806,13.80,13.80,13.65,13.65,-,0.15,13.65,1,13.75,3,0.00
1442,名軒,164386,121,6012515,36.15,36.75,36.15,36.75,+,0.35,36.60,1,36.75,3,18.10
1443,立益物流,2108,11,60741,28.90,28.90,28.75,28.75,-,0.15,28.60,2,28.90,11,21.14
1444,力麗,508091,397,5110263,10.05,10.10,10.05,10.05, ,0.00,10.00,594,10.05,1,0.00
1445,大宇,546192,182,11476103,21.00,21.15,20.90,20.90,-,0.10,20.90,21,21.00,32,48.60
1446,宏和,102179,70,3623760,35.15,35.60,35.15,35.50,+,0.25,35.50,1,35.55,5,0.00
1447,力鵬,441442,267,3449076,7.83,7.84,7.79,7.82,-,0.01,7.80,29,7.82,8,0.00
1449,佳和,1084775,584,20392068,19.10,19.25,18.45,18.50,-,0.60,18.50,52,18.60,2,34.91
1451,年興,65105,140,1253177,19.20,19.40,19.20,19.20,-,0.05,19.15,7,19.20,10,0.00
1452,宏益,48276,47,814723,16.85,17.00,16.80,16.90,-,0.05,16.90,3,16.95,44,120.71
1453,大將,75938,189,1106768,14.55,14.70,14.45,14.55, ,0.00,14.55,2,14.60,6,485.00
1454,台富,4727,15,74322,15.45,15.80,15.45,15.80,+,0.15,15.65,3,15.75,2,197.50
1455,集盛,271304,249,2810130,10.45,10.45,10.30,10.35,-,0.05,10.35,3,10.40,57,0.00
1456,怡華,5129,8,86088,17.00,17.00,16.70,16.70,-,0.25,16.65,1,16.75,1,19.88
1457,宜進,55181,73,1011185,18.35,18.45,18.25,18.25,-,0.10,18.25,17,18.30,1,82.95
1459,聯發,53523,72,503682,9.32,9.48,9.32,9.40,+,0.02,9.40,2,9.43,3,29.38
1460,宏遠,336095,131,2397779,7.10,7.17,7.10,7.11, ,0.00,7.11,25,7.15,42,0.00
1463,強盛,54060,34,932891,17.30,17.35,17.20,17.25,-,0.05,17.25,5,17.30,1,21.84
1464,得力,72370,138,949533,13.10,13.15,13.05,13.15,+,0.05,13.10,10,13.15,3,219.17
1465,偉全,34749,116,481995,13.70,13.90,13.70,13.90,+,0.10,13.80,1,13.85,1,21.06
1466,聚隆,144124,85,1920646,13.35,13.40,13.25,13.35,+,0.15,13.30,8,13.40,19,0.00
1467,南緯,71585,118,786556,11.00,11.00,10.95,11.00,+,0.05,11.00,1,11.05,20,0.00
1468,昶和,33001,26,444013,13.60,13.65,13.35,13.55,-,0.05,13.35,7,13.55,1,0.00
1470,大統新創,3112,7,59809,19.10,19.50,19.05,19.50,+,0.20,19.15,1,19.50,6,34.21
1471,首利,1282670,725,20672823,16.45,16.45,15.85,15.85,-,0.60,15.85,29,15.90,1,0.00
1472,三洋實業,39330,42,2384461,61.20,61.20,60.30,60.30, ,0.00,60.20,2,60.50,1,26.10
1473,台南,163768,154,4629856,28.20,28.45,28.15,28.30,-,0.05,28.25,8,28.30,54,13.74
1474,弘裕,42313,103,500101,11.75,11.90,11.75,11.80,+,0.05,11.75,2,11.85,17,0.00
1475,業旺,224284,206,11275147,49.00,51.00,48.85,50.80,+,1.80,49.55,9,50.80,13,12.48
1476,儒鴻,238750,498,131267727,551.00,553.00,546.00,550.00,-,2.00,549.00,3,550.00,2,33.03
1477,聚陽,1843691,1688,643045662,350.50,353.00,345.00,347.50,-,7.50,347.50,20,348.00,101,21.81
1503,士電,5529829,4324,664647493,121.00,123.50,118.00,118.50,-,1.50,118.00,271,118.50,23,26.57
1504,東元,3092983,1868,139672065,45.10,45.35,45.00,45.20, ,0.00,45.10,3,45.20,34,16.62
1506,正道,60018,41,982090,16.50,16.50,16.25,16.45,+,0.15,16.30,20,16.45,36,48.38
1512,瑞利,14026,34,163003,11.75,11.75,11.60,11.75,+,0.10,11.40,3,11.75,4,0.00
1513,中興電,3681973,2460,437209648,118.50,119.50,118.00,119.00,+,1.00,119.00,19,119.50,378,38.02
1514,亞力,7448437,5157,619078029,82.70,84.00,82.40,83.00,+,0.60,83.00,99,83.10,42,35.62
1515,力山,790822,511,35473200,44.80,45.25,44.55,44.90,+,0.10,44.90,2,44.95,6,299.33
1516,川飛,13204,47,232916,17.60,17.70,17.60,17.70,+,0.05,17.60,4,17.65,1,22.99
1517,利奇,190335,309,2886903,15.15,15.25,15.15,15.15, ,0.00,15.15,26,15.20,1,0.00
1519,華城,10567541,10295,4000410227,382.00,385.50,373.00,380.50, ,0.00,380.00,102,380.50,55,51.21
1521,大億,58391,129,2403407,41.35,41.35,41.00,41.30,-,0.25,41.05,1,41.30,1,36.55
1522,堤維西,2741302,1793,107266747,39.20,39.80,38.60,39.00,+,0.15,38.95,6,39.00,9,13.64
1522A,堤維西甲特,1000,1,44850,44.85,44.85,44.85,44.85,-,0.65,45.20,1,45.50,3,0.00
1524,耿鼎,2928653,1823,90548519,31.30,31.45,30.50,30.90,-,0.15,30.90,31,30.95,12,16.52
1525,江申,22020,24,1640890,74.50,75.10,74.00,74.60,-,0.20,74.60,1,74.70,1,14.37
1526,日馳,40310,70,1268598,31.60,31.60,31.35,31.55, ,0.00,31.50,2,31.55,4,13.20
1527,鑽全,83423,208,3322609,39.90,40.00,39.75,39.90,-,0.10,39.85,6,39.90,1,13.76
1528,恩德,3855299,1899,51211197,13.45,13.65,13.05,13.05,-,0.25,13.05,46,13.10,37,39.55
1529,樂事綠能,1014302,792,33467553,33.00,33.60,32.50,32.50,-,0.40,32.50,21,32.55,2,51.59
1530,亞崴,9013,59,286020,31.55,31.70,31.55,31.60,+,0.05,31.60,3,31.65,1,13.56
1531,高林股,49262,144,647275,13.10,13.15,13.10,13.15,+,0.05,13.10,41,13.15,38,109.58
1532,勤美,552925,350,21659455,39.10,39.45,38.90,39.35,+,0.35,39.30,7,39.35,1,17.41
1533,車王電,67673,75,3592409,53.80,54.00,52.30,52.70,-,0.90,52.70,1,52.80,3,0.00
1535,中宇,140080,145,8245869,58.00,59.30,58.00,59.10,+,1.10,58.90,13,59.20,2,15.93
1536,和大,873541,766,46806810,53.10,53.90,53.10,53.70,+,0.70,53.70,17,53.80,22,30.34
1537,廣隆,29354,104,3842951,131.00,131.50,130.50,131.00, ,0.00,130.50,56,131.00,1,18.63
1538,正峰,37121,29,852266,23.00,23.00,22.90,22.90,-,0.10,22.85,2,23.10,5,0.00
1539,巨庭,906835,754,22443319,23.90,25.15,23.80,24.60,+,0.90,24.55,4,24.60,9,37.85
1540,喬福,167182,167,2955380,17.80,17.80,17.55,17.70, ,0.00,17.65,9,17.70,2,17.02
1541,錩泰,7000,6,222650,32.15,32.15,31.65,31.65,+,0.05,31.65,1,31.80,1,0.00
1558,伸興,54521,84,5540851,101.50,102.00,101.50,101.50,-,0.50,101.50,8,102.00,3,30.39
1560,中砂,1610939,1524,303797723,188.00,190.00,187.00,189.00,+,2.00,188.50,10,189.00,27,30.78
1568,倉佑,309790,225,9075662,29.40,29.65,29.05,29.10,-,0.30,29.05,4,29.10,3,8.82
1582,信錦,655566,615,48907479,74.50,75.10,74.00,75.10,+,0.80,75.00,4,75.10,10,19.06
1583,程泰,1000,1,66000,66.00,66.00,66.00,66.00, ,0.00,66.10,1,66.60,1,11.52
1587,吉茂,71458,39,1623262,23.00,23.00,22.60,22.75,-,0.25,22.70,7,22.75,2,26.76
1589,永冠-KY,193771,376,9861807,50.90,51.10,50.70,50.80, ,0.00,50.80,27,50.90,3,0.00
1590,亞德客-KY,415388,872,398144986,970.00,970.00,948.00,958.00,-,16.00,957.00,2,958.00,4,29.00
1597,直得,56155,76,3584551,63.70,64.20,63.60,64.10,+,0.40,63.50,1,63.80,1,27.99
1598,岱宇,79679,85,2629876,33.20,33.20,32.80,32.85,-,0.30,32.85,1,32.95,1,0.00
1603,華電,690312,346,23659741,34.05,34.45,34.00,34.20,+,0.15,34.20,29,34.25,6,13.36
1604,聲寶,149273,198,4231575,28.25,28.50,28.25,28.50,+,0.20,28.30,4,28.50,8,15.16
1605,華新,4614587,2301,167093828,36.00,36.40,36.00,36.20,+,0.25,36.15,95,36.20,52,27.22
1608,華榮,458851,267,9503771,20.75,20.80,20.65,20.80,+,0.10,20.75,4,20.80,22,10.67
1609,大亞,3514206,2377,121967771,34.90,35.10,34.50,34.60,-,0.25,34.55,58,34.60,29,8.83
1611,中電,632249,401,10582528,16.90,16.95,16.60,16.75,-,0.10,16.75,13,16.80,9,39.88
1612,宏泰,784649,539,21301707,27.25,27.40,26.95,27.10,-,0.20,27.05,7,27.10,5,14.65
1614,三洋電,13649,16,520729,37.95,38.30,37.95,38.20,+,0.10,38.10,2,38.15,1,31.06
1615,大山,826058,2310,38857034,49.55,49.55,46.00,46.00,-,3.35,45.95,1,46.00,15,14.33
1616,億泰,500203,286,6608503,13.30,13.40,13.10,13.15,-,0.15,13.15,9,13.20,15,13.70
1617,榮星,42863,76,704252,16.20,16.65,16.20,16.45,+,0.25,16.40,5,16.50,4,49.85
1618,合機,1280924,679,38141532,30.30,30.30,29.50,29.65,-,0.15,29.60,52,29.65,3,18.30
1626,艾美特-KY,65558,162,1052849,16.00,16.20,16.00,16.20,+,0.20,16.05,3,16.10,1,0.00
1701,中化,375447,267,8789008,23.35,23.50,23.30,23.45,+,0.15,23.40,1,23.45,8,21.92
1702,南僑,295138,213,15205988,51.60,51.60,51.40,51.60,+,0.10,51.50,10,51.60,30,16.70
1707,葡萄王,170477,448,26554638,155.00,157.00,155.00,155.00,-,1.00,155.00,42,156.00,9,15.77
1708,東鹼,802771,531,25927619,31.90,32.50,31.90,32.20,+,0.25,32.20,19,32.25,1,0.00
1709,和益,336897,243,6936304,20.40,20.70,20.40,20.65,+,0.20,20.60,10,20.65,38,18.94
1710,東聯,436841,302,8243975,18.80,19.00,18.75,18.85,+,0.05,18.80,33,18.85,5,17.14
1711,永光,379696,312,7228041,19.00,19.15,18.90,19.10,+,0.15,19.05,3,19.10,23,70.74
1712,興農,587194,515,22775819,38.80,38.85,38.50,38.85,+,0.15,38.80,4,38.85,38,15.12
1713,國化,542094,349,24813311,46.40,46.55,44.80,46.40, ,0.00,46.30,22,46.40,3,18.71
1714,和桐,676861,393,6072997,8.94,9.00,8.93,8.97,+,0.04,8.97,10,8.98,12,17.59
1717,長興,1001742,518,28605687,28.40,28.70,28.35,28.55,+,0.15,28.50,32,28.55,20,23.21
1718,中纖,1327511,674,10486933,7.88,7.94,7.85,7.89,+,0.03,7.88,17,7.89,14,0.00
1720,生達,184737,197,11836257,64.50,64.50,63.80,63.90,-,0.30,63.90,2,64.00,1,13.45
1721,三晃,505336,326,7411807,14.70,14.80,14.55,14.55,-,0.15,14.55,67,14.65,4,0.00
1722,台肥,721364,554,46736742,64.20,65.00,64.10,65.00,+,0.70,64.90,5,65.00,102,15.15
1723,中碳,207316,223,23878609,115.50,115.50,114.50,115.50,-,0.50,115.00,7,115.50,7,17.91
1725,元禎,7774,18,162659,20.85,21.00,20.85,20.95,+,0.10,20.90,1,21.00,1,19.40
1726,永記,3161,23,236674,75.00,75.00,74.60,74.90,-,0.10,74.80,1,74.90,1,14.49
1727,中華化,118433,140,3258504,27.30,27.75,27.30,27.45,+,0.15,27.40,3,27.45,5,30.16
1730,花仙子,12640,38,715690,56.60,56.70,56.60,56.60, ,0.00,56.60,6,56.70,3,16.08
1731,美吾華,109559,62,2426568,22.15,22.20,22.10,22.15, ,0.00,22.10,17,22.20,14,18.16
1732,毛寶,469581,377,14574992,31.25,31.50,30.30,30.90,-,0.50,30.90,2,31.05,4,0.00
1733,五鼎,366298,590,12073677,33.00,33.45,32.55,32.65,-,0.60,32.65,1,32.70,2,22.67
1734,杏輝,187824,166,6179389,32.95,33.00,32.80,33.00,+,0.05,32.85,3,33.00,16,20.00
1735,日勝化,4763,23,80773,16.80,17.00,16.80,16.90, ,0.00,16.90,4,16.95,1,22.53
1736,喬山,196100,201,13060508,65.70,67.00,65.70,66.60,+,0.90,66.60,11,66.70,1,34.15
1737,臺鹽,123881,138,4207393,33.85,34.00,33.85,33.95,+,0.10,33.95,13,34.00,257,17.50
1752,南光,84000,68,4118000,49.10,49.35,48.90,48.90,-,0.10,48.85,7,49.15,1,12.51
1760,寶齡富錦,440397,428,46229049,104.00,106.00,103.50,104.00,+,0.50,104.00,19,104.50,4,0.00
1762,中化生,100264,317,5250287,52.50,52.60,52.10,52.30,-,0.30,52.30,1,52.40,3,13.98
1773,勝一,167599,195,22696903,134.00,136.00,134.00,135.00,+,0.50,135.00,9,135.50,3,21.77
1776,展宇,1000,1,16700,16.70,16.70,16.70,16.70,+,0.05,16.65,1,16.75,1,111.33
1783,和康生,128679,137,5857344,45.00,45.90,45.00,45.10,+,0.10,45.10,3,45.35,1,20.98
1786,科妍,89599,147,6764257,76.50,76.70,74.90,75.10,-,1.10,75.10,5,75.30,1,30.04
1789,神隆,190113,134,4828740,25.30,25.45,25.30,25.40,+,0.15,25.40,7,25.45,11,87.59
1795,美時,3693633,3451,1015634553,274.50,278.00,273.00,273.50,-,1.00,273.50,72,274.00,1,18.67
1802,台玻,1533168,619,28018070,18.15,18.35,18.15,18.35,+,0.20,18.30,27,18.35,179,0.00
1805,寶徠,279842,283,4559225,16.00,16.95,15.60,16.40,+,0.25,16.25,4,16.40,11,0.00
1806,冠軍,797630,436,8885151,11.30,11.35,11.00,11.00,-,0.20,10.95,146,11.00,13,0.00
1808,潤隆,176800,172,18183248,103.00,103.50,102.00,103.50,+,0.50,103.00,4,103.50,24,7.10
1809,中釉,2115617,1053,36207568,17.30,17.55,16.80,17.10,-,0.20,17.05,9,17.10,3,0.00
1810,和成,457906,193,7818102,17.20,17.20,17.00,17.15,+,0.05,17.10,3,17.15,16,0.00
1817,凱撒衛,6269,16,229036,36.50,36.50,36.40,36.50, ,0.00,36.45,1,36.50,2,12.09
1903,士紙,110563,113,5896435,53.20,53.70,53.00,53.40,-,0.30,53.40,2,53.60,6,205.38
1904,正隆,382731,406,11081562,28.90,29.05,28.85,28.85,-,0.10,28.85,58,28.90,3,41.21
1905,華紙,1021170,663,23157605,22.65,22.85,22.50,22.60, ,0.00,22.55,57,22.60,10,0.00
1906,寶隆,22545,187,343796,15.20,15.30,15.20,15.20, ,0.00,15.20,3,15.25,7,80.00
1907,永豐餘,683904,551,20802091,30.20,30.60,30.10,30.25,+,0.15,30.20,51,30.25,9,39.29
1909,榮成,418202,251,5851202,13.90,14.05,13.90,14.00,+,0.10,13.95,136,14.00,8,0.00
2002,中鋼,13385064,5694,336793827,25.00,25.30,24.95,25.25,+,0.15,25.25,41,25.30,897,0.00
2002A,中鋼特,6388,12,279788,43.90,43.90,43.75,43.85, ,0.00,43.70,2,43.90,5,0.00
2006,東和鋼鐵,1280947,1033,93390792,72.80,73.10,72.50,73.00,+,0.20,72.90,21,73.00,57,12.65
2007,燁興,2218659,964,24288572,11.20,11.20,10.75,10.80,-,0.20,10.80,104,10.85,2,0.00
2008,高興昌,31425,23,684544,21.70,22.00,21.70,21.75, ,0.00,21.70,19,21.80,2,9.02
2009,第一銅,572904,481,17953398,31.40,31.65,31.00,31.15,-,0.15,31.10,6,31.20,2,283.18
2010,春源,363585,247,6472333,17.80,17.90,17.70,17.90,+,0.10,17.85,9,17.90,71,15.84
2012,春雨,18323,45,421514,23.00,23.05,22.95,23.00, ,0.00,23.00,1,23.20,1,27.71
2013,中鋼構,7409,52,395546,53.10,53.40,53.10,53.10, ,0.00,53.00,3,53.20,1,22.50
2014,中鴻,3536483,1757,85046477,23.90,24.30,23.70,24.15,+,0.40,24.10,165,24.15,41,0.00
2015,豐興,112581,125,7672520,68.50,68.50,67.70,68.50,+,0.30,67.70,5,68.50,10,16.35
2017,官田鋼,560225,239,8302275,14.90,15.00,14.70,14.80,-,0.05,14.75,9,14.80,5,0.00
2020,美亞,524430,383,17064925,32.45,32.80,32.35,32.50,+,0.15,32.45,13,32.50,31,10.19
2022,聚亨,326572,242,3747533,11.45,11.55,11.35,11.50,+,0.05,11.45,9,11.50,23,0.00
2023,燁輝,802217,522,12589537,15.75,15.75,15.60,15.75,+,0.10,15.70,24,15.75,5,0.00
2024,志聯,15587,53,320855,20.60,20.65,20.50,20.65,+,0.05,20.35,2,20.85,1,0.00
2025,千興,1002630,278,7484253,7.44,7.52,7.35,7.46,+,0.01,7.44,4,7.46,1,4.60
2027,大成鋼,1135449,866,42251655,37.20,37.35,37.05,37.30,+,0.10,37.25,41,37.30,16,14.63
2028,威致,74639,67,1815642,24.15,24.60,24.10,24.30,+,0.20,24.25,2,24.35,1,21.32
2029,盛餘,165140,125,4700189,28.10,28.55,28.10,28.50,+,0.40,28.45,6,28.50,19,17.81
2030,彰源,143126,191,2701585,18.85,18.95,18.75,18.95,+,0.15,18.85,4,18.95,12,61.13
2031,新光鋼,942648,802,52360854,56.30,56.30,55.30,55.50,-,0.40,55.40,10,55.50,18,11.99
2032,新鋼,186784,135,3157862,16.90,17.00,16.75,16.95,+,0.20,16.95,48,17.00,54,0.00
2033,佳大,96110,65,1578059,16.60,16.60,16.30,16.35,-,0.10,16.35,4,16.40,1,0.00
2034,允強,307403,185,8103579,26.35,26.50,26.30,26.45,+,0.10,26.40,1,26.45,14,0.00
2038,海光,246594,169,5014972,20.40,20.50,20.20,20.35,+,0.10,20.35,1,20.40,3,37.00
2049,上銀,630245,727,135466922,214.50,216.50,213.00,216.50,+,2.00,216.00,107,216.50,5,35.43
2059,川湖,1388074,1899,1387826741,1005.00,1010.00,984.00,1000.00,+,1.00,1000.00,1,1005.00,11,33.81
2062,橋椿,269507,185,6860125,25.10,25.70,25.05,25.60,+,0.70,25.60,84,25.65,9,22.26
2069,運錩,99464,54,1619801,16.30,16.40,16.25,16.25,+,0.05,16.25,18,16.35,1,0.00
2101,南港,724093,654,30605444,42.60,42.60,42.05,42.35,+,0.10,42.30,37,42.35,29,0.00
2102,泰豐,284915,213,5190774,18.00,18.35,18.00,18.35,+,0.40,18.30,2,18.35,33,0.00
2103,台橡,587157,399,13139582,22.30,22.45,22.30,22.40,+,0.10,22.40,24,22.45,20,41.48
2104,國際中橡,1295198,594,23804052,18.30,18.50,18.25,18.35,+,0.10,18.35,10,18.40,14,0.00
2105,正新,2407631,1539,107548209,44.20,44.90,44.15,44.90,+,0.55,44.85,4,44.90,9,22.23
2106,建大,420715,276,12548632,29.60,29.90,29.60,29.85,+,0.05,29.80,33,29.85,20,0.00
2107,厚生,61103,128,1447927,23.75,23.75,23.65,23.70, ,0.00,23.65,37,23.70,5,13.70
2108,南帝,88343,105,3190737,35.95,36.25,35.90,36.20,+,0.30,36.10,10,36.25,6,25.67
2109,華豐,49875,45,718349,14.35,14.45,14.35,14.40,+,0.05,14.35,31,14.40,4,12.74
2114,鑫永銓,1167,9,123170,105.50,105.50,105.50,105.50, ,0.00,105.50,1,106.00,3,17.88
2115,六暉-KY,31457,36,908332,28.95,29.05,28.85,29.05,+,0.15,28.90,1,28.95,1,14.38
2201,裕隆,3278851,2331,228914735,69.90,70.40,69.50,69.80,+,0.10,69.70,35,69.80,19,93.07
2204,中華,3422759,2289,390322125,113.00,115.50,112.00,113.00, ,0.00,112.50,52,113.00,77,50.00
2206,三陽工業,2162913,1682,155734019,71.60,72.40,71.60,71.80,+,0.30,71.80,21,71.90,15,10.48
2207,和泰車,124932,366,79867032,632.00,642.00,632.00,640.00,+,5.00,639.00,12,640.00,7,38.35
2208,台船,1932682,1031,35687049,18.60,18.60,18.40,18.40,-,0.15,18.40,275,18.45,31,0.00
2211,長榮鋼,474617,815,50372205,106.50,107.00,105.50,106.50, ,0.00,106.00,22,106.50,16,11.78
2227,裕日車,13193,71,2294373,173.00,176.00,173.00,175.00,+,0.50,174.00,2,175.00,2,39.06
2228,劍麟,80897,85,7126134,88.50,88.50,87.70,87.90,-,0.20,87.90,5,88.10,2,14.90
2231,為升,93224,183,12062694,129.50,130.00,129.00,129.50, ,0.00,129.00,31,129.50,1,29.04
2233,宇隆,151763,179,19151343,126.00,127.00,125.50,126.00, ,0.00,126.00,12,126.50,1,15.42
2236,百達-KY,525160,326,35370617,66.60,68.20,66.60,66.90,+,0.20,66.80,1,66.90,1,27.64
2239,英利-KY,17487,25,983513,56.40,56.40,55.70,56.30,-,0.10,55.90,1,56.10,1,31.81
2241,艾姆勒,148239,109,4467338,30.20,30.45,30.05,30.15,-,0.05,30.10,20,30.15,1,0.00
2243,宏旭-KY,556226,413,11120028,19.75,20.45,19.40,19.50,-,0.05,19.50,37,19.65,5,0.00
2247,汎德永業,24824,109,7284936,293.50,294.50,293.00,293.00,-,1.50,293.00,8,294.00,1,13.17
2250,IKKA-KY,345660,285,31027104,88.10,91.50,87.50,90.80,+,3.30,90.30,3,90.80,7,24.41
2254,巨鎧精密-創,22050,5,1821700,82.00,82.70,82.00,82.70,-,0.40,80.10,6,82.70,1,0.00
2258,鴻華先進-創,155171,77,6747388,43.45,43.95,43.45,43.55,+,0.10,43.50,1,43.55,4,0.00
2301,光寶科,13651541,7674,1485020867,110.50,111.00,107.50,107.50,-,3.50,107.50,829,108.00,170,16.56
2302,麗正,419543,269,7596333,18.30,18.45,17.90,18.00,-,0.35,17.95,21,18.00,2,27.69
2303,聯電,182721042,80073,9187965232,50.80,51.10,49.80,49.80,-,2.50,49.75,968,49.80,573,9.31
2305,全友,245052,183,5555742,22.65,23.05,22.50,22.50,-,0.25,22.45,17,22.55,3,0.00
2308,台達電,5561061,5841,1597641071,281.50,290.00,281.50,287.50,+,3.50,287.50,39,288.00,74,23.09
2312,金寶,3130438,1211,49218586,15.80,15.90,15.60,15.60,-,0.20,15.60,151,15.65,63,31.84
2313,華通,10244182,6871,710722701,69.80,70.20,68.50,69.00,-,0.80,68.90,42,69.00,38,17.12
2314,台揚,2236982,1567,77341158,35.20,35.20,34.30,34.35,-,0.85,34.30,85,34.35,12,0.00
2316,楠梓電,3233305,2443,113638168,35.85,36.05,34.55,34.55,-,1.30,34.50,151,34.55,25,45.46
2317,鴻海,25831872,11871,2652830913,102.00,103.50,102.00,102.50,+,0.50,102.00,2612,102.50,11,11.02
2321,東訊,12257,15,184544,14.55,15.40,14.55,15.20,+,0.15,15.05,1,15.40,1,0.00
2323,中環,2864412,883,31255744,10.90,11.00,10.85,10.85,-,0.05,10.85,290,10.90,33,13.07
2324,仁寶,55347585,26340,1981890620,36.20,36.65,35.35,35.50,-,1.70,35.50,48,35.55,175,22.19
2327,國巨,652487,1664,361222108,556.00,559.00,551.00,552.00,-,4.00,552.00,24,553.00,3,13.71
2328,廣宇,365470,350,12382451,33.90,34.05,33.70,33.80,+,0.10,33.80,4,33.85,3,13.52
2329,華泰,30853424,18552,1898115363,63.10,63.40,60.20,60.50,-,2.70,60.50,41,60.60,30,29.51
2330,台積電,42644850,41681,27453256719,644.00,646.00,639.00,644.00,+,2.00,644.00,811,645.00,2919,18.64
2331,精英,4673545,2390,144827956,31.20,31.35,30.70,30.90,-,0.55,30.85,91,30.90,151,25.97
2332,友訊,1431950,666,27827612,19.45,19.60,19.35,19.35,-,0.10,19.35,109,19.40,7,14.02
2337,旺宏,8113879,3075,245318593,30.10,30.55,29.90,30.55,+,0.55,30.50,42,30.55,47,0.00
2338,光罩,500859,484,34079606,68.50,68.50,67.80,67.90,-,0.50,67.80,46,67.90,13,16.01
2340,台亞,881138,685,38882710,44.40,44.60,43.80,43.95,-,0.35,43.95,5,44.00,27,63.70
2342,茂矽,401878,336,12787925,32.10,32.10,31.75,31.75,-,0.30,31.70,49,31.80,3,0.00
2344,華邦電,36694297,12328,1027845500,27.95,28.45,27.70,28.00,+,0.15,27.90,6,28.00,535,0.00
2345,智邦,1071240,1363,549416151,512.00,516.00,509.00,510.00,-,3.00,509.00,23,510.00,2,31.58
2347,聯強,2269207,2000,164752435,72.50,73.10,72.30,72.70, ,0.00,72.60,1,72.70,175,15.98
2348,海悅,83355,119,8021099,97.00,97.00,95.90,96.00,-,0.40,96.00,4,96.20,1,13.46
2348A,海悅甲特,4000,4,131500,32.90,32.90,32.85,32.85,+,0.05,32.80,6,33.00,2,0.00
2349,錸德,641527,441,5078112,7.94,7.95,7.89,7.90,-,0.04,7.89,26,7.90,2,0.00
2351,順德,192441,217,20058441,104.00,105.50,103.50,103.50,-,0.50,103.50,7,104.00,8,24.01
2352,佳世達,3255843,2703,148946144,46.00,46.25,45.40,45.60,-,0.30,45.55,27,45.60,27,30.60
2353,宏碁,66244695,30199,3062305131,46.80,47.20,45.35,45.70,-,1.90,45.65,744,45.70,57,44.37
2354,鴻準,1224267,1178,61759807,50.30,50.70,50.20,50.50,-,0.10,50.40,44,50.50,2,17.72
2355,敬鵬,2029509,1306,88716181,43.80,43.90,43.25,43.75,+,0.50,43.70,26,43.75,8,23.78
2356,英業達,59825765,32717,3331468721,56.00,56.70,55.10,55.40,-,0.80,55.40,11,55.50,506,35.97
2357,華碩,5168551,7546,2280983518,453.00,453.50,436.50,439.00,-,19.00,439.00,17,439.50,6,39.87
2358,廷鑫,564686,325,4612072,8.24,8.31,8.10,8.11,-,0.13,8.11,14,8.12,5,0.00
2359,所羅門,1754031,1485,70515984,40.70,41.10,39.85,39.85,-,0.60,39.85,12,39.90,6,12.81
2360,致茂,3530546,2815,710114918,202.50,204.50,197.00,201.50,-,2.00,201.00,107,201.50,63,21.12
2362,藍天,4400306,2859,184460208,43.20,43.20,41.25,41.45,-,1.30,41.45,1,41.50,2,24.38
2363,矽統,6630033,4330,283472173,43.15,43.60,42.15,42.15,-,1.00,42.15,52,42.20,10,54.04
2364,倫飛,281672,341,25698652,91.50,92.50,90.50,91.10,-,0.40,91.00,5,91.20,2,22.27
2365,昆盈,53243882,19492,876024159,15.75,17.25,15.40,15.90,-,0.15,15.90,9,15.95,11,51.29
2367,燿華,1515448,805,29089690,19.35,19.35,19.10,19.20, ,0.00,19.15,27,19.20,43,0.00
2368,金像電,5613350,3804,1230402893,220.50,223.00,216.50,216.50,-,6.00,216.50,26,217.00,11,31.38
2369,菱生,8148046,4046,187533528,23.00,23.60,22.65,22.70,-,0.50,22.70,182,22.75,38,0.00
2371,大同,8867972,4621,383178008,43.25,43.90,42.70,43.25,-,0.30,43.20,129,43.25,8,52.74
2373,震旦行,19313,30,1422574,73.50,74.40,73.50,73.60,+,0.10,73.50,7,73.60,2,13.89
2374,佳能,1190908,857,29115205,24.80,24.80,24.25,24.35,-,0.40,24.30,43,24.35,4,37.46
2375,凱美,172292,192,11162888,64.80,65.30,64.40,64.40,-,0.40,64.40,5,64.60,3,20.71
2376,技嘉,14527398,23650,4154440824,291.00,291.50,283.00,284.00,-,8.00,284.00,30,284.50,28,38.33
2377,微星,3901265,4742,705066098,184.50,184.50,179.00,179.50,-,5.50,179.50,29,180.00,54,20.66
2379,瑞昱,1385875,1694,627844740,450.50,457.50,450.00,453.50,-,5.50,452.00,8,453.50,29,25.53
2380,虹光,99052,207,650404,6.62,6.66,6.51,6.58,-,0.04,6.55,4,6.58,9,0.00
2382,廣達,28197484,31066,6865291723,248.00,248.00,241.00,242.00,-,7.00,242.00,292,242.50,149,24.30
2383,台光電,3788841,3718,1570676279,416.50,419.50,408.50,414.50, ,0.00,414.00,22,414.50,6,29.13
2385,群光,2790294,2250,466786190,168.00,169.00,166.00,167.50,-,1.00,166.50,92,167.50,55,17.06
2387,精元,708077,523,40085646,56.70,57.20,56.20,56.60,-,0.20,56.60,1,56.70,6,8.16
2388,威盛,7448067,5596,1045419940,143.00,143.50,138.00,140.00,-,2.50,139.50,41,140.00,68,608.70
2390,云辰,753767,500,11024339,14.60,14.75,14.50,14.50,-,0.05,14.50,45,14.60,6,0.00
2392,正崴,759884,610,34038158,44.80,45.10,44.60,44.70,-,0.10,44.65,10,44.70,4,15.26
2393,億光,798882,745,39379357,48.90,49.60,48.90,49.20,+,0.30,49.15,1,49.25,3,17.08
2395,研華,351036,642,118442801,336.00,339.00,334.50,337.00,+,1.00,337.00,24,337.50,25,26.06
2397,友通,3027,6,195857,64.70,64.70,64.70,64.70,-,0.20,64.70,7,64.80,1,17.97
2399,映泰,1337057,963,31174359,23.70,23.70,23.15,23.15,-,0.60,23.15,31,23.20,5,0.00
2401,凌陽,2978810,1857,95820191,32.65,32.75,31.95,32.05,-,0.55,32.05,14,32.10,24,0.00
2402,毅嘉,2026131,1261,68095140,34.00,34.00,32.60,33.45,-,0.40,33.45,7,33.50,21,21.44
2404,漢唐,400810,537,109630777,274.00,275.00,272.00,274.50,+,1.50,274.00,1,274.50,9,11.01
2405,輔信,3495889,1486,61200155,17.50,17.80,17.35,17.45,-,0.10,17.45,22,17.50,89,0.00
2406,國碩,1371686,727,24145590,17.45,17.70,17.45,17.55,+,0.20,17.55,14,17.60,21,0.00
2408,南亞科,5765744,3309,409182609,71.00,71.50,70.60,71.00, ,0.00,70.80,6,71.00,198,0.00
2409,友達,41476294,9540,792598008,19.05,19.30,18.80,19.00,+,0.05,18.95,899,19.00,111,0.00
2412,中華電,3456662,2345,413898434,120.00,120.00,119.50,119.50,-,0.50,119.50,758,120.00,750,25.00
2413,環科,219189,120,6276126,28.65,29.00,28.40,28.50,-,0.05,28.50,1,28.55,5,15.32
2414,精技,17739,25,594119,33.50,33.60,33.40,33.50, ,0.00,33.40,8,33.50,1,14.76
2415,錩新,33405,28,963513,28.85,29.00,28.75,28.75,-,0.50,28.70,1,28.80,1,0.00
2417,圓剛,7643373,4640,265412174,33.10,35.45,33.10,34.25,+,1.25,34.25,1,34.30,22,0.00
2419,仲琦,730478,545,24344782,33.65,33.75,33.00,33.30,-,0.40,33.30,1,33.35,9,62.83
2420,新巨,89042,120,4279457,47.85,48.15,47.85,48.05,+,0.20,47.90,2,48.05,1,12.68
2421,建準,22782485,14339,2518599659,110.00,113.00,108.50,109.00, ,0.00,108.50,402,109.00,171,19.89
2423,固緯,828508,728,34445660,42.20,42.70,40.80,40.80,-,1.20,40.80,3,40.85,1,15.28
2424,隴華,21278,44,657707,31.50,31.50,30.75,30.75,-,0.65,30.75,2,31.10,3,0.00
2425,承啟,690070,462,30495821,44.55,44.70,43.85,44.30,-,0.20,44.25,2,44.35,1,23.44
2426,鼎元,848465,533,16314566,19.40,19.40,19.05,19.05,-,0.10,19.05,13,19.10,7,0.00
2427,三商電,890693,671,21310342,24.20,24.20,23.75,23.75,-,0.45,23.75,24,23.80,4,21.79
2428,興勤,295446,286,48068397,162.50,163.50,162.00,162.00,-,0.50,162.00,6,162.50,13,18.64
2429,銘旺科,23000,17,457250,20.20,20.20,19.70,19.85,+,0.20,19.80,9,19.85,1,0.00
2430,燦坤,63578,83,2489682,39.20,39.20,39.10,39.15, ,0.00,39.10,8,39.20,15,13.98
2431,聯昌,8835951,3365,113465474,12.85,13.25,12.25,12.55,+,0.10,12.50,5,12.55,9,0.00
2432,倚天酷碁-創,34145,22,1325260,38.80,39.70,38.60,38.60,-,1.10,38.60,3,39.35,1,19.79
2433,互盛電,10000,8,516900,51.60,51.80,51.60,51.60,-,0.20,51.60,10,51.80,1,14.79
2434,統懋,0,0,0,0,0,0,0, ,0.00,33.90,2,34.30,1,0.00
2436,偉詮電,841959,753,56010754,67.10,67.20,66.20,66.20,-,0.60,66.20,50,66.30,6,58.58
2438,翔耀,74251,54,1753190,23.65,23.70,23.55,23.60,-,0.05,23.60,14,23.65,5,0.00
2439,美律,532463,509,54654258,103.00,103.00,102.00,102.50,-,0.50,102.00,71,102.50,3,18.64
2440,太空梭,2750911,1095,37564510,12.70,13.90,12.60,13.90,+,1.25,13.90,4140,0,0,0.00
2441,超豐,352403,473,21065356,59.50,60.20,59.10,59.60,-,0.20,59.50,1,59.60,14,18.51
2442,新美齊,761899,510,18869934,24.60,24.95,24.60,24.80,+,0.35,24.65,5,24.80,11,25.05
2443,昶虹,1764546,505,11289121,6.33,6.48,6.30,6.35,+,0.13,6.34,14,6.35,10,5.00
2444,兆勁,292377,141,3661901,12.40,12.65,12.40,12.50,+,0.10,12.50,13,12.55,46,28.41
2449,京元電子,8595761,5940,707945777,82.00,83.10,80.40,82.90,+,0.70,82.80,3,82.90,147,17.56
2450,神腦,423744,343,16125385,38.25,38.50,37.90,38.10,-,0.40,37.95,1,38.10,2,13.23
2451,創見,219570,242,17373711,78.80,79.30,78.70,79.30,+,0.30,79.00,13,79.30,8,22.59
2453,凌群,794993,828,45401478,57.90,58.10,56.60,57.00,-,0.90,57.00,10,57.10,2,19.86
2454,聯發科,5458694,10429,5095110405,936.00,939.00,928.00,936.00,-,7.00,935.00,14,936.00,33,21.35
2455,全新,2474772,1972,313303791,124.50,128.00,123.00,126.50,+,2.50,126.50,49,127.00,44,78.09
2457,飛宏,2829150,2336,162132477,58.00,58.30,56.60,56.90,-,1.10,56.80,25,56.90,13,66.94
2458,義隆,2454527,1569,370752597,153.50,154.00,149.50,151.00,-,1.50,151.00,38,151.50,52,26.63
2459,敦吉,101259,104,6418025,63.20,63.80,63.00,63.70,+,0.20,63.60,1,63.70,1,13.08
2460,建通,1604472,869,51204914,32.05,32.40,31.50,31.80,-,0.40,31.80,13,31.85,3,0.00
2461,光群雷,627466,557,15036895,24.45,24.45,23.75,23.75,-,0.55,23.75,39,23.80,4,21.40
2462,良得電,349726,246,12392334,35.15,35.70,35.15,35.40,-,0.05,35.35,3,35.40,2,14.05
2464,盟立,292643,222,10676030,36.55,36.75,36.30,36.40, ,0.00,36.40,9,36.45,3,130.00
2465,麗臺,2503273,4416,170105029,68.90,69.70,66.70,66.70,-,2.90,66.70,35,66.80,1,0.00
2466,冠西電,100813,14,3598332,35.60,35.70,35.50,35.70,-,0.40,35.65,1,35.70,1,0.00
2467,志聖,2410814,1881,183762858,77.10,77.50,75.50,75.50,-,0.90,75.50,10,75.60,2,23.02
2468,華經,255553,199,6971656,27.45,27.60,27.15,27.15,-,0.30,27.10,27,27.20,2,26.36
2471,資通,280870,320,16186673,58.10,58.10,57.40,57.60,-,0.10,57.50,5,57.60,1,15.82
2472,立隆電,617200,470,42332608,69.20,69.30,68.00,68.00,-,1.20,68.00,3,68.10,5,12.95
2474,可成,1113670,4832,217014387,196.50,196.50,193.50,195.50,-,0.50,195.00,24,195.50,47,13.12
2476,鉅祥,2041211,1406,145158111,69.90,71.80,69.90,71.50,+,1.50,71.40,52,71.50,18,19.92
2477,美隆電,83922,45,1678620,19.90,20.20,19.90,20.10,+,0.20,20.05,15,20.10,2,0.00
2478,大毅,51191,97,2334096,45.70,45.80,45.45,45.60,-,0.05,45.60,1,45.65,1,18.02
2480,敦陽科,108603,235,13100976,120.50,121.00,120.00,120.50,+,0.50,120.50,7,121.00,17,16.31
2481,強茂,533077,468,33818914,63.50,64.10,63.10,63.30,-,0.20,63.20,14,63.30,6,29.31
2482,連宇,307446,261,10739358,34.95,35.30,34.70,34.70,-,0.20,34.70,14,34.80,4,10.64
2483,百容,71000,36,1684800,23.75,23.75,23.70,23.70,-,0.05,23.70,2,23.75,2,48.37
2484,希華,1120329,849,37743842,33.50,34.00,33.35,33.55, ,0.00,33.55,1,33.60,9,15.60
2485,兆赫,985090,762,21186877,21.65,21.75,21.35,21.40,-,0.25,21.40,29,21.45,3,89.17
2486,一詮,15590024,9117,760958530,49.00,50.50,47.70,48.25,-,0.75,48.25,61,48.30,25,76.59
2488,漢平,177382,162,7189668,40.60,40.60,40.20,40.50,-,0.05,40.45,1,40.50,1,9.46
2489,瑞軒,2782128,1057,37693899,13.35,13.65,13.35,13.55,+,0.20,13.50,30,13.55,5,0.00
2491,吉祥全,64895,34,894660,13.70,14.00,13.65,13.85,+,0.05,13.75,2,14.00,8,47.76
2492,華新科,1492432,1317,161763490,108.00,109.50,107.00,108.00,-,0.50,108.00,38,108.50,11,30.95
2493,揚博,115186,158,9307116,80.70,81.40,80.20,81.20,+,0.40,81.00,14,81.20,1,13.27
2495,普安,263103,184,5386653,20.45,20.60,20.35,20.40, ,0.00,20.35,22,20.40,2,18.05
2496,卓越,11437,20,686788,60.00,60.10,60.00,60.00,-,0.30,60.00,2,60.30,3,12.68
2497,怡利電,265337,226,15961639,59.60,60.50,59.60,60.20,+,0.60,60.10,11,60.30,10,27.12
2498,宏達電,3563169,2252,179008916,50.40,50.90,49.80,50.00,-,0.50,49.95,18,50.00,28,0.00
2501,國建,3213703,1276,59586408,18.20,18.70,18.20,18.70,+,0.60,18.70,71,18.75,115,11.47
2504,國產,3561257,1359,104043364,29.00,29.35,28.90,29.25,+,0.15,29.20,38,29.25,98,11.38
2505,國揚,133530,115,2959305,22.00,22.40,22.00,22.20,+,0.20,22.15,4,22.20,22,76.55
2506,太設,1861078,591,18580951,9.81,10.05,9.81,10.00,+,0.20,9.99,8,10.00,38,0.00
2509,全坤建,131333,123,2314830,17.50,17.80,17.50,17.55,+,0.05,17.55,23,17.60,1,0.00
2511,太子,897208,525,9516874,10.60,10.70,10.55,10.60, ,0.00,10.60,1,10.65,54,21.63
2514,龍邦,117865,467,1826120,15.45,15.55,15.45,15.45, ,0.00,15.45,3,15.50,36,11.28
2515,中工,6292485,1347,78003374,12.40,12.45,12.35,12.35, ,0.00,12.35,674,12.40,88,28.72
2516,新建,798231,413,9424145,11.60,11.95,11.60,11.80,+,0.20,11.80,3,11.85,11,0.00
2520,冠德,3352698,2148,132692912,38.60,40.00,38.60,39.95,+,1.40,39.90,11,39.95,78,9.91
2524,京城,13090,23,413806,31.70,31.75,31.55,31.55, ,0.00,31.55,6,31.60,1,14.15
2527,宏璟,528632,314,15443254,28.95,29.35,28.95,29.30,+,0.15,29.25,2,29.30,1,14.95
2528,皇普,165468,103,5953012,36.25,36.50,35.85,36.00, ,0.00,35.95,2,36.00,6,39.13
2530,華建,569122,387,21213792,37.10,37.60,37.05,37.30,+,0.25,37.25,1,37.30,31,98.16
2534,宏盛,205717,150,4099175,19.80,20.05,19.80,20.05,+,0.25,19.90,16,20.05,8,6.45
2535,達欣工,228516,312,10620552,46.50,46.50,46.40,46.45, ,0.00,46.40,18,46.45,1,9.48
2536,宏普,33438,66,996252,29.85,29.95,29.70,29.80,-,0.05,29.80,4,29.85,1,0.00
2537,聯上發,742963,237,6911849,9.30,9.37,9.27,9.32, ,0.00,9.32,5,9.34,6,0.00
2538,基泰,466629,174,7257778,15.45,15.65,15.45,15.60,+,0.15,15.60,8,15.65,44,14.58
2539,櫻花建,129796,138,6261802,48.10,48.40,47.80,48.35,+,0.05,48.35,1,48.40,12,40.97
2540,愛山林,921963,704,81691408,88.50,90.10,87.50,88.50,-,0.50,88.50,148,88.60,10,34.17
2542,興富發,957843,927,37894831,39.45,39.65,39.40,39.60,+,0.10,39.55,54,39.60,13,13.52
2543,皇昌,5473567,2918,145635226,25.15,27.55,24.95,26.80,+,1.70,26.75,19,26.80,9,20.00
2545,皇翔,210251,168,9082034,43.30,43.30,43.10,43.25,-,0.05,43.15,2,43.25,3,120.14
2546,根基,42060,143,3232573,77.30,77.30,76.50,76.50,-,0.80,76.50,1,76.60,1,7.92
2547,日勝生,396996,185,3837504,9.64,9.71,9.64,9.67, ,0.00,9.66,11,9.67,2,0.00
2548,華固,168321,271,16086200,95.20,95.80,95.20,95.70,+,0.50,95.70,2,95.80,9,12.90
2597,潤弘,44163,75,5183921,116.50,118.00,116.50,117.50,+,1.00,117.00,14,117.50,1,12.38
2601,益航,796233,357,6656499,8.36,8.39,8.34,8.36, ,0.00,8.35,44,8.36,11,0.00
2603,長榮,16989377,9627,2566656555,152.00,154.00,150.00,151.00,-,0.50,150.50,636,151.00,12,5.16
2605,新興,2916862,1612,67893262,23.40,23.55,23.15,23.15,-,0.25,23.15,1,23.20,14,23.62
2606,裕民,1772663,1422,85901296,48.45,48.80,48.20,48.20,-,0.40,48.20,42,48.30,3,17.28
2607,榮運,2344156,1499,79505028,34.00,34.10,33.65,33.95,+,0.15,33.90,4,33.95,12,12.30
2608,嘉里大榮,77179,85,2893573,37.50,37.60,37.40,37.55,+,0.05,37.50,3,37.55,6,10.29
2609,陽明,22697063,13839,1113558225,49.30,49.75,48.70,48.90,-,0.35,48.90,21,48.95,25,8.20
2610,華航,14119780,4129,290819935,20.55,20.75,20.45,20.70,+,0.20,20.70,75,20.75,774,20.50
2611,志信,1004229,476,16618083,16.55,16.80,16.40,16.50,-,0.05,16.50,4,16.55,21,11.07
2612,中航,259434,180,11618126,44.70,45.10,44.30,44.50,-,0.20,44.50,3,44.55,1,17.80
2613,中櫃,61152,80,1360871,22.05,22.35,22.05,22.15,-,0.15,22.15,3,22.35,10,41.79
2614,東森,274927,422,5771463,21.00,21.10,20.90,21.00, ,0.00,20.95,21,21.00,1,0.00
2615,萬海,4277594,2864,212378734,49.75,50.20,49.35,49.75, ,0.00,49.70,12,49.75,62,0.00
2616,山隆,52653,219,1563170,29.60,29.70,29.60,29.70,+,0.05,29.65,7,29.70,6,28.84
2617,台航,402600,249,12938464,32.20,32.35,32.05,32.10,-,0.10,32.10,9,32.15,12,7.40
2618,長榮航,42714534,13485,1296678287,30.65,30.65,30.20,30.40,-,0.35,30.35,826,30.40,333,9.59
2630,亞航,899571,797,31908217,35.80,35.90,35.10,35.20,-,0.60,35.20,15,35.25,2,251.43
2633,台灣高鐵,1438688,884,42774344,29.55,29.85,29.55,29.85,+,0.25,29.80,1,29.85,171,25.30
2634,漢翔,2802486,1960,140114620,50.10,50.20,49.90,49.90,-,0.20,49.90,472,49.95,7,21.23
2636,台驊投控,1035087,1167,94053775,91.40,92.40,90.40,90.40,-,1.10,90.40,54,90.50,4,8.63
2637,慧洋-KY,1830791,1665,95103341,52.40,52.60,51.50,51.60,-,0.80,51.50,34,51.60,3,13.20
2642,宅配通,56056,359,2204434,39.30,39.40,39.25,39.25,-,0.20,39.20,12,39.30,12,32.98
2645,長榮航太,548569,492,55888859,102.00,103.00,101.50,102.00, ,0.00,101.50,76,102.00,1,22.37
2701,萬企,98753,75,1257072,12.80,12.80,12.65,12.70,-,0.05,12.65,20,12.70,1,27.61
2702,華園,95177,93,1963600,20.80,20.85,20.45,20.45, ,0.00,20.45,1,20.55,1,9.21
2704,國賓,62653,83,2857926,45.45,45.95,45.45,45.45,+,0.30,45.45,1,45.50,1,10.15
2705,六福,279779,252,4938839,17.50,17.75,17.50,17.60,+,0.05,17.55,5,17.60,1,0.00
2706,第一店,186342,167,2850038,15.30,15.35,15.25,15.25, ,0.00,15.25,17,15.30,3,28.77
2707,晶華,330165,429,70273585,211.00,214.00,211.00,212.50,+,2.00,212.00,29,212.50,3,20.83
2712,遠雄來,6043,10,208640,34.60,34.60,34.50,34.50,-,0.60,34.50,1,34.65,1,57.50
2722,夏都,1076597,853,61194615,55.10,59.00,55.10,55.40,+,0.90,55.40,13,55.80,8,58.32
2723,美食-KY,655061,408,63449874,96.80,98.00,96.40,97.30,+,0.60,97.20,8,97.30,1,20.14
2727,王品,1634386,1881,411125770,248.00,255.00,247.50,251.00,+,5.50,250.50,25,251.00,3,15.70
2731,雄獅,635598,664,81964870,129.50,131.00,127.50,127.50,-,1.50,127.50,50,128.00,3,25.40
2739,寒舍,2758752,1784,157917781,56.60,58.20,56.50,56.90,+,1.20,56.90,15,57.00,25,19.55
2748,雲品,1553533,1288,121783953,77.60,79.30,77.60,77.60,+,0.40,77.50,9,77.60,1,27.13
2753,八方雲集,166611,262,27451561,164.00,165.50,163.50,164.00,-,0.50,164.00,14,164.50,1,18.49
2762,世界健身-KY,1704747,2467,188229401,118.50,119.00,104.50,106.00,-,13.00,106.00,5,106.50,4,17.43
2801,彰銀,6949395,2257,121280764,17.35,17.50,17.30,17.50,+,0.20,17.50,4,17.55,871,14.96
2809,京城銀,568847,522,23394607,41.10,41.25,41.00,41.20, ,0.00,41.10,2,41.20,18,8.16
2812,台中銀,2219831,1183,35407043,15.90,16.00,15.90,16.00,+,0.10,15.95,69,16.00,1091,13.22
2816,旺旺保,478345,307,16112094,33.40,33.90,33.25,33.60,+,0.20,33.60,2,33.65,3,14.12
2820,華票,317753,168,4701257,14.70,14.90,14.70,14.80,+,0.10,14.80,7,14.85,38,16.44
2832,台產,398870,327,10399281,25.75,26.30,25.75,26.30,+,0.45,26.30,32,26.35,10,10.60
2834,臺企銀,6798982,1847,90577301,13.25,13.40,13.20,13.35,+,0.05,13.35,44,13.40,1533,9.60
2836,高雄銀,1713259,293,20791761,12.05,12.20,12.05,12.15,+,0.15,12.15,247,12.20,131,18.41
2836A,高雄銀甲特,45000,5,953750,21.20,21.20,21.15,21.20, ,0.00,21.20,8,21.25,3,0.00
2838,聯邦銀,891517,380,12604187,14.05,14.20,14.05,14.20,+,0.10,14.15,71,14.20,395,11.74
2838A,聯邦銀甲特,26245,19,1364954,52.00,52.10,52.00,52.10, ,0.00,52.00,8,52.10,8,0.00
2845,遠東銀,2907091,675,35388103,12.10,12.25,12.10,12.20,+,0.10,12.15,150,12.20,46,10.80
2849,安泰銀,28959,29,402391,13.80,13.95,13.80,13.95, ,0.00,13.90,21,13.95,2,126.82
2850,新產,242985,403,16745166,68.90,69.20,68.50,69.20,+,0.60,69.10,3,69.20,16,8.23
2851,中再保,440335,217,9945019,22.55,22.65,22.55,22.60,+,0.05,22.55,36,22.60,30,10.56
2852,第一保,308933,163,5698390,18.45,18.55,18.40,18.55,+,0.10,18.40,23,18.55,27,10.54
2855,統一證,475342,259,9081916,19.10,19.15,19.05,19.10,+,0.05,19.05,82,19.10,13,10.44
2867,三商壽,7314519,1897,36149665,4.96,4.96,4.93,4.94,-,0.01,4.93,342,4.94,31,0.00
2880,華南金,4968443,1802,107265127,21.40,21.65,21.40,21.65,+,0.25,21.60,80,21.65,417,14.53
2881,富邦金,13668350,5451,885020939,64.50,64.90,64.50,64.80,+,0.20,64.70,79,64.80,408,30.57
2881A,富邦特,18113,26,1112222,61.40,61.50,61.40,61.40,+,0.10,61.40,79,61.50,19,0.00
2881B,富邦金乙特,220673,30,13240280,60.00,60.10,59.90,60.10, ,0.00,59.90,29,60.00,1,0.00
2881C,富邦金丙特,3780,35,207004,54.80,54.80,54.80,54.80, ,0.00,54.80,1,54.90,2,0.00
2882,國泰金,12873549,4221,572052716,44.30,44.55,44.25,44.50,+,0.15,44.40,33,44.50,332,16.86
2882A,國泰特,263745,41,15824627,60.00,60.00,60.00,60.00,-,0.10,59.90,67,60.00,4,0.00
2882B,國泰金乙特,56233,45,3363357,59.80,60.00,59.70,60.00, ,0.00,59.60,12,60.00,40,0.00
2883,開發金,29224157,4797,356353994,12.10,12.30,12.05,12.15,+,0.05,12.15,1834,12.20,1431,16.42
2883B,開發金乙特,1620740,203,11534794,7.11,7.13,7.10,7.11, ,0.00,7.10,174,7.11,22,0.00
2884,玉山金,11631853,5137,288901011,24.60,24.95,24.55,24.85,+,0.20,24.85,257,24.90,237,19.41
2885,元大金,12114687,4185,325116363,26.75,26.95,26.60,26.95,+,0.20,26.90,152,26.95,436,13.48
2886,兆豐金,11290138,4883,430413603,37.65,38.40,37.65,38.35,+,0.55,38.30,635,38.35,30,16.97
2887,台新金,9239256,3796,159959061,17.15,17.45,17.15,17.40,+,0.20,17.35,37,17.40,504,12.61
2887E,台新戊特,39202,17,2024702,51.70,51.70,51.60,51.70, ,0.00,51.60,18,51.70,1,0.00
2887F,台新戊特二,14395,15,661385,45.95,45.95,45.95,45.95, ,0.00,45.95,10,46.00,12,0.00
2887Z1,台新己特,4388,11,73920,16.85,16.85,16.85,16.85,+,0.05,16.85,1,16.90,6,0.00
2888,新光金,18763664,3685,161402124,8.55,8.63,8.54,8.62,+,0.05,8.61,670,8.62,68,0.00
2888A,新光金甲特,46865,45,1302335,27.85,27.90,27.75,27.90,+,0.05,27.80,2,27.90,9,0.00
2888B,新光金乙特,96448,45,2703073,28.00,28.15,27.90,28.15,+,0.15,28.00,5,28.15,1,0.00
2889,國票金,2402114,733,28692785,11.85,12.00,11.85,11.95,+,0.05,11.90,878,11.95,38,24.39
2890,永豐金,7052129,2440,134663296,18.95,19.20,18.95,19.15,+,0.20,19.10,144,19.15,29,12.68
2891,中信金,51079518,11665,1450663736,28.10,28.60,28.05,28.50,+,0.35,28.45,731,28.50,1602,12.03
2891B,中信金乙特,96869,33,5831101,60.20,60.30,60.10,60.30, ,0.00,60.00,13,60.20,15,0.00
2891C,中信金丙特,1598,24,94506,59.30,59.30,59.30,59.30,+,0.10,59.10,5,59.20,4,0.00
2892,第一金,9357333,3578,250906439,26.55,26.95,26.55,26.85,+,0.20,26.80,176,26.85,114,15.79
2897,王道銀行,1528688,560,14524314,9.47,9.53,9.46,9.50,+,0.02,9.49,22,9.50,16,5.25
2897A,王道銀甲特,2298,2,23884,10.40,10.40,10.40,10.40,+,0.10,10.30,50,10.35,5,0.00
2901,欣欣,19068,55,501822,26.25,26.45,26.25,26.45,+,0.20,26.35,5,26.60,2,77.79
2903,遠百,1898230,532,46787193,24.45,24.75,24.45,24.65,+,0.20,24.60,153,24.65,192,12.14
2904,匯僑,21320,27,399813,18.75,18.75,18.75,18.75,+,0.05,18.70,14,18.80,8,17.20
2905,三商,580123,409,7251978,12.50,12.60,12.35,12.50, ,0.00,12.50,128,12.55,66,0.00
2906,高林,1432776,758,28788519,19.90,20.30,19.80,20.00,+,0.05,20.00,11,20.05,1,57.14
2908,特力,210853,62,4327501,20.50,20.55,20.45,20.50,-,0.05,20.50,4,20.55,17,48.81
2910,統領,49440,60,1346962,27.00,27.60,27.00,27.35,+,0.25,27.10,1,27.35,2,27.08
2911,麗嬰房,104909,411,647583,6.18,6.22,6.15,6.17, ,0.00,6.17,2,6.18,5,0.00
2912,統一超,885505,1479,234681609,265.00,266.00,264.50,265.00,-,1.50,265.00,31,265.50,1,26.55
2913,農林,1625181,830,33323067,20.55,20.65,20.40,20.40,-,0.10,20.40,142,20.45,11,0.00
2915,潤泰全,1312914,814,80053979,60.60,61.20,60.60,61.10,+,0.70,61.10,42,61.20,41,11.25
2923,鼎固-KY,14597,57,338653,23.00,23.50,23.00,23.45,+,0.25,23.25,2,23.40,1,1172.50
2929,淘帝-KY,554386,174,6446740,11.65,11.70,11.55,11.55,-,0.05,11.55,88,11.60,5,0.00
2939,凱羿-KY,6000,6,178700,29.80,29.85,29.70,29.70, ,0.00,29.45,1,29.75,19,0.00
2945,三商家購,2692,24,118377,44.00,44.00,44.00,44.00,+,0.30,43.75,2,44.50,1,30.56
3002,歐格,796228,376,11653679,15.20,15.25,14.25,14.35,-,0.75,14.30,14,14.35,5,84.41
3003,健和興,102791,117,7122795,68.90,69.60,68.90,69.60,+,0.30,69.50,1,69.70,5,19.33
3004,豐達科,51458,148,4689337,91.80,91.80,90.80,91.10,-,0.70,91.00,4,91.10,1,17.52
3005,神基,15595721,13874,1676839817,112.00,113.50,104.50,105.00,-,8.00,104.50,332,105.00,96,16.20
3006,晶豪科,2984939,2127,276387862,92.40,93.20,91.80,92.80,+,0.70,92.70,6,92.80,14,0.00
3008,大立光,633335,3090,1587298130,2550.00,2550.00,2490.00,2490.00,-,60.00,2490.00,16,2495.00,1,19.59
3010,華立,94959,167,9254332,97.80,97.80,97.30,97.40,-,0.40,97.30,4,97.50,1,11.42
3011,今皓,364902,241,11939929,32.65,33.00,32.55,32.60,-,0.40,32.55,29,32.60,1,0.00
3013,晟銘電,1608209,1152,68412823,42.80,43.20,42.20,42.50,-,0.50,42.45,1,42.50,11,36.32
3014,聯陽,968576,1054,142755316,150.00,150.00,146.50,147.00,-,1.00,146.50,49,147.00,20,16.24
3015,全漢,133357,102,6888826,51.50,51.90,51.50,51.90,+,0.40,51.60,3,51.90,6,13.95
3016,嘉晶,142061,144,8103348,56.90,57.50,56.70,57.20,+,0.30,57.20,4,57.30,7,80.56
3017,奇鋐,7309066,7374,2802119979,387.50,387.50,378.00,386.00,-,3.50,385.50,2,386.00,44,31.38
3018,隆銘綠能,3462,83,53537,0,0,0,0, ,0.00,15.45,1,15.80,31,0.00
3019,亞光,329747,753,22304299,67.80,68.10,67.30,67.40,-,0.30,67.40,3,67.60,1,30.92
3021,鴻名,531335,370,11741593,21.60,22.45,21.60,21.65,+,0.10,21.65,20,21.70,1,16.53
3022,威強電,246037,254,19274923,78.60,78.80,78.00,78.20,-,0.40,78.20,2,78.30,2,9.11
3023,信邦,559466,1271,147562469,264.00,265.50,262.00,263.00,-,1.50,263.00,1,263.50,4,19.20
3024,憶聲,4049648,1765,75466677,17.70,19.10,17.70,18.70,+,0.95,18.70,23,18.75,21,47.95
3025,星通,4787547,5656,293396745,61.90,62.60,60.50,60.50,-,1.40,60.50,79,60.60,3,30.10
3026,禾伸堂,90372,114,8562239,94.50,95.00,94.50,95.00, ,0.00,94.60,7,95.10,1,16.24
3027,盛達,382176,350,14696100,38.60,38.70,38.25,38.25,-,0.35,38.20,28,38.25,3,37.87
3028,增你強,192186,233,6473826,33.75,33.90,33.50,33.70, ,0.00,33.60,5,33.70,17,13.87
3029,零壹,1070567,1095,72609790,68.20,68.70,67.30,67.90,-,0.10,67.90,8,68.00,5,15.90
3030,德律,1190473,1082,82593530,68.80,70.00,68.50,69.10,+,0.50,69.00,23,69.10,9,15.67
3031,佰鴻,384002,273,7546697,19.75,20.00,19.35,19.50,+,0.15,19.40,11,19.55,3,20.97
3032,偉訓,2770239,2050,207709935,75.40,76.50,74.40,74.50,-,0.90,74.40,17,74.50,26,14.90
3033,威健,2658306,1905,81867624,30.75,31.10,30.60,30.65, ,0.00,30.65,57,30.70,4,15.64
3034,聯詠,4117388,4852,2132762083,525.00,525.00,514.00,520.00,-,8.00,519.00,50,520.00,23,14.36
3035,智原,14497530,14631,6210046891,435.50,435.50,422.00,422.00,-,17.50,422.00,3,422.50,5,58.45
3036,文曄,14361955,9988,2136694048,153.00,153.50,145.50,149.50,-,3.00,149.00,21,149.50,66,37.10
3036A,文曄甲特,58817,53,2726134,46.25,46.40,46.25,46.40,+,0.15,46.40,3,46.45,6,0.00
3037,欣興,16480862,15314,2848965850,175.00,175.50,171.50,171.50,-,4.00,171.50,421,172.00,187,15.91
3038,全台,4272646,2841,135531454,32.45,32.60,31.25,31.50,-,0.65,31.40,34,31.50,7,10.98
3040,遠見,87998,600,2738143,31.15,31.15,31.00,31.05,-,0.15,31.00,5,31.15,2,33.75
3041,揚智,2133282,1366,58142814,27.35,27.80,27.00,27.10,-,0.15,27.10,12,27.15,21,0.00
3042,晶技,648531,641,62540024,96.30,97.10,96.00,96.50,+,0.20,96.10,2,96.60,18,17.11
3043,科風,158102,305,5639381,36.05,36.20,35.15,35.60,-,0.55,35.30,7,35.60,1,17.37
3044,健鼎,1180522,1154,211810273,181.00,181.50,178.50,179.50, ,0.00,179.00,10,179.50,67,15.98
3045,台灣大,1480843,1085,145203398,97.40,98.40,97.40,98.40,+,0.80,98.10,49,98.40,76,24.85
3046,建碁,320703,397,21227951,66.60,67.00,65.70,65.70,-,0.90,65.70,6,65.90,4,21.76
3047,訊舟,3502023,1624,56933910,16.65,16.65,16.05,16.10,-,0.35,16.10,14,16.15,25,84.74
3048,益登,136620,273,3246348,23.60,23.90,23.60,23.75,+,0.05,23.70,3,23.75,1,169.64
3049,精金,1477642,696,13989843,9.41,9.51,9.41,9.45,+,0.05,9.44,7,9.45,9,0.00
3050,鈺德,1429987,607,24889208,17.60,17.75,17.05,17.70,+,0.20,17.65,13,17.70,16,19.45
3051,力特,1902868,1098,62504765,32.85,33.40,32.45,32.50,-,0.20,32.50,11,32.60,1,56.03
3052,夆典,758015,212,9209419,12.10,12.20,12.10,12.10, ,0.00,12.10,46,12.15,11,11.31
3054,立萬利,3000,3,62300,21.00,21.00,20.50,20.50,-,0.20,20.40,1,20.70,1,0.00
3055,蔚華科,5786425,3713,305238183,53.00,54.00,51.80,52.60,-,0.30,52.60,5,52.70,1,26.17
3056,富華新,1000033,628,28499056,28.25,28.70,28.20,28.40,+,0.25,28.40,3,28.45,2,8.45
3057,喬鼎,104858,148,1330328,12.65,12.80,12.55,12.75,+,0.10,12.70,13,12.75,1,0.00
3058,立德,848884,436,17162902,20.40,20.70,19.95,19.95,-,0.45,19.95,18,20.00,23,105.00
3059,華晶科,2501300,1649,91647436,37.30,37.30,36.40,36.45,-,0.65,36.45,24,36.55,29,26.61
3060,銘異,234971,257,4795069,20.45,20.60,20.25,20.35,-,0.10,20.35,5,20.40,3,0.00
3062,建漢,529703,338,11147280,21.10,21.30,20.90,20.95,-,0.15,20.95,10,21.00,14,0.00
3090,日電貿,180532,197,10262144,56.90,57.10,56.70,56.70,-,0.40,56.70,16,56.80,2,16.34
3092,鴻碩,169602,142,5863800,34.60,34.70,34.40,34.50,-,0.10,34.50,1,34.55,4,0.00
3094,聯傑,657873,466,23771118,36.65,36.65,35.95,35.95,-,0.55,35.95,6,36.00,6,52.10
3130,一零四,14305,43,3122585,218.00,218.50,218.00,218.50,+,0.50,218.00,6,218.50,2,16.43
3138,耀登,401028,387,59212087,148.00,149.00,146.00,147.50,-,0.50,147.50,4,148.00,3,20.95
3149,正達,1650604,1473,49299247,29.85,30.30,29.50,30.00,+,0.15,29.95,12,30.00,8,0.00
3164,景岳,77116,171,1811919,23.60,23.60,23.30,23.60, ,0.00,23.50,4,23.60,2,42.14
3167,大量,562218,527,29614983,54.60,54.60,51.50,51.70,-,2.90,51.70,5,52.00,5,0.00
3189,景碩,2852261,2112,285027526,101.00,101.50,98.60,100.00,-,1.00,100.00,156,100.50,100,51.81
3209,全科,136693,158,4812300,35.30,35.35,35.10,35.10,-,0.20,35.10,3,35.15,2,12.86
3229,晟鈦,23361,31,361109,15.45,15.55,15.35,15.35,-,0.15,15.35,2,15.50,5,0.00
3231,緯創,84718705,45779,9581650780,114.50,115.00,112.00,113.00,-,2.00,113.00,588,113.50,1824,26.53
3257,虹冠電,181870,318,13336780,73.60,74.50,72.50,72.70,-,1.40,72.70,3,72.80,1,29.67
3266,昇陽,167085,136,3050250,18.20,18.40,18.05,18.30,+,0.05,18.20,40,18.30,1,16.05
3296,勝德,2957273,1731,70039749,23.50,24.60,23.05,23.60,-,0.45,23.55,2,23.60,4,0.00
3305,昇貿,576772,475,38372865,66.30,67.20,66.10,66.30,-,0.50,66.20,17,66.40,5,53.04
3308,聯德,157225,391,5179439,33.25,33.30,32.65,32.65,-,0.60,32.65,2,32.80,1,4.50
3311,閎暉,552925,496,22198798,40.80,40.95,39.65,39.85,-,0.85,39.85,30,40.00,5,25.22
3312,弘憶股,10272114,5692,250757534,24.70,25.20,23.60,23.90,-,0.80,23.85,2,23.90,35,10.48
3321,同泰,268004,243,3673421,13.65,13.80,13.60,13.70,+,0.05,13.65,8,13.75,8,0.00
3338,泰碩,505512,694,30972925,61.80,62.00,60.90,61.00,-,0.80,60.90,15,61.00,3,23.83
3346,麗清,956195,704,46665217,49.45,49.50,48.35,48.50,-,0.90,48.45,20,48.50,2,17.96
3356,奇偶,2992325,2315,131450136,42.00,45.20,42.00,43.25,+,1.60,43.25,9,43.40,7,15.67
3376,新日興,11169501,6962,1533780692,136.50,140.00,135.00,137.00,-,0.50,137.00,136,137.50,48,32.78
3380,明泰,7935606,4627,311307745,39.10,39.60,38.85,39.10, ,0.00,39.10,114,39.15,31,29.40
3406,玉晶光,633288,936,254872734,402.50,404.50,400.00,402.50,+,0.50,402.50,2,403.00,9,16.42
3413,京鼎,847951,1439,182678982,217.50,217.50,213.00,213.50,-,4.00,213.00,6,214.00,23,10.90
3416,融程電,1250877,1228,177615903,140.00,145.00,139.00,142.00,+,5.50,142.00,1,142.50,23,20.64
3419,譁裕,240460,160,4245155,17.60,18.00,17.45,17.55, ,0.00,17.55,5,17.60,2,0.00
3432,台端,203410,338,3401764,17.05,17.05,16.50,16.80,-,0.30,16.65,1,16.80,2,0.00
3437,榮創,2197999,1307,63535053,28.80,29.40,28.50,28.50,-,0.25,28.50,9,28.70,1,0.00
3443,創意,5397908,11247,8350970130,1530.00,1575.00,1520.00,1545.00,-,10.00,1540.00,49,1545.00,23,49.98
3447,展達,82404,69,3098430,38.40,38.40,37.20,37.20,-,0.80,37.20,1,37.60,2,21.50
3450,聯鈞,2806575,1666,167846817,60.20,60.70,59.30,59.50,-,1.20,59.40,36,59.50,5,0.00
3454,晶睿,348470,390,53823987,149.50,156.00,149.50,155.00,+,5.00,154.50,7,155.00,1,20.69
3481,群創,157696477,32247,2680698375,16.65,17.15,16.65,17.00,+,0.20,17.00,670,17.05,3377,0.00
3494,誠研,86215,75,512980,6.00,6.05,5.90,5.91,-,0.17,5.91,1,6.03,3,0.00
3501,維熹,98510,78,5022298,50.90,51.10,50.90,50.90, ,0.00,50.80,14,51.00,8,11.34
3504,揚明光,1612733,1494,112477703,69.30,71.00,68.20,69.90, ,0.00,69.90,12,70.00,1,0.00
3515,華擎,546646,1910,130544774,244.00,244.00,236.00,236.00,-,7.00,236.00,20,237.00,1,46.64
3518,柏騰,152811,117,5266985,34.65,34.90,34.05,34.30,-,0.35,34.30,7,34.35,1,68.60
3528,安馳,44260,41,2213107,50.10,50.30,49.95,50.10,-,0.10,50.00,2,50.10,1,17.89
3530,晶相光,600331,614,63476657,106.50,107.00,104.00,105.00,-,1.00,104.50,28,105.00,5,0.00
3532,台勝科,472215,532,76973851,164.50,164.50,162.00,163.00,-,1.50,162.50,20,163.00,3,16.56
3533,嘉澤,2349426,2806,2260533423,936.00,996.00,921.00,976.00,-,11.00,976.00,25,979.00,7,18.78
3535,晶彩科,29102173,11023,671634943,23.15,23.55,22.55,23.05,+,0.35,23.00,21,23.05,22,74.35
3543,州巧,462057,326,12743108,27.85,28.25,27.25,27.35,-,0.35,27.35,27,27.40,2,39.64
3545,敦泰,3139395,2177,315489083,100.50,102.00,99.60,99.80,-,0.70,99.70,35,99.80,3,68.36
3550,聯穎,58341,74,853177,14.55,14.75,14.55,14.70, ,0.00,14.55,25,14.70,24,0.00
3557,嘉威,14129,42,855198,60.40,60.70,60.30,60.50,+,0.10,60.60,1,60.70,5,10.90
3563,牧德,2084643,8447,542854720,264.50,266.00,254.50,260.50,-,5.00,260.00,9,260.50,5,27.14
3576,聯合再生,2189981,1179,28932672,13.20,13.35,13.15,13.15,-,0.05,13.15,16,13.20,25,0.00
3583,辛耘,1545101,2399,328160045,215.00,215.00,210.00,210.50,-,5.50,210.50,23,211.00,8,27.66
3588,通嘉,1331047,1142,114394980,85.80,87.50,85.00,85.20,-,1.10,85.20,16,85.30,20,0.00
3591,艾笛森,987869,282,25229352,25.70,25.75,25.30,25.40,+,0.05,25.40,6,25.45,9,254.00
3592,瑞鼎,425395,907,161389997,385.00,385.00,375.50,377.00,-,8.00,377.00,3,377.50,1,20.07
3593,力銘,15598,47,158759,10.20,10.25,10.15,10.15,-,0.05,10.10,14,10.25,13,0.00
3596,智易,1150816,1614,197163327,175.00,175.00,170.00,170.50,-,4.50,170.00,99,170.50,17,15.76
3605,宏致,9016889,5555,334983954,35.00,38.20,34.60,37.00,+,1.95,37.00,13,37.20,3,0.00
3607,谷崧,1910618,856,33573905,17.60,18.00,17.10,17.35,-,0.15,17.35,5,17.40,20,0.00
3617,碩天,180385,270,33852801,188.00,189.00,186.00,189.00,+,1.50,188.00,4,189.00,6,12.18
3622,洋華,4970648,3091,271897456,54.00,55.60,53.40,55.30,+,0.80,55.30,4,55.40,65,18.37
3645,達邁,1045784,935,44354125,43.10,43.20,42.00,42.00,-,1.00,42.00,43,42.05,4,0.00
3652,精聯,564168,482,17011747,29.25,31.30,29.20,29.50,+,0.55,29.50,2,29.55,1,44.03
3653,健策,1137033,1439,836106597,731.00,748.00,726.00,729.00,+,6.00,729.00,8,730.00,9,40.82
3661,世芯-KY,2272438,5617,8670401525,3700.00,3895.00,3680.00,3895.00,+,175.00,3870.00,2,3895.00,6,106.10
3665,貿聯-KY,4443442,4649,1047336013,241.00,243.50,230.00,232.50,-,9.50,232.00,28,232.50,38,13.90
3669,圓展,773150,617,35909266,45.35,47.55,45.30,45.45,+,0.15,45.45,3,45.60,7,18.40
3673,TPK-KY,4831755,3263,179403235,37.15,37.90,36.30,36.35,-,0.15,36.35,5,36.40,50,64.91
3679,新至陞,26243,37,2725005,103.50,104.50,103.50,104.00,+,0.50,104.00,1,104.50,3,13.07
3686,達能,183191,133,2454919,13.40,13.50,13.35,13.35,-,0.05,13.35,1,13.40,12,0.00
3694,海華,51233830,24472,2871067029,57.80,57.80,54.70,55.40,-,1.40,55.40,185,55.50,27,23.68
3701,大眾控,1111105,859,63701518,56.00,57.90,55.80,57.70,+,2.10,57.60,17,57.70,14,27.74
3702,大聯大,6286637,8216,556246501,88.90,89.60,86.90,89.00, ,0.00,88.90,58,89.00,86,27.81
3702A,大聯大甲特,339008,93,15932884,47.00,47.00,46.95,47.00,-,0.05,47.00,2,47.05,44,0.00
3703,欣陸,297933,242,8089052,27.05,27.20,27.05,27.15,+,0.10,27.15,15,27.20,22,14.84
3704,合勤控,1383886,1197,66700130,48.60,48.80,47.85,48.00,-,0.65,47.95,20,48.00,17,12.66
3705,永信,112381,155,5232415,46.50,46.65,46.50,46.55,+,0.05,46.50,39,46.60,8,17.63
3706,神達,11930106,7151,533873386,45.40,45.50,44.30,44.50,-,0.90,44.45,29,44.50,1,46.84
3708,上緯投控,247232,248,23787488,96.90,96.90,96.00,96.30,-,0.60,96.20,2,96.40,1,6.84
3711,日月光投控,6023550,3450,824386230,137.00,138.00,136.00,137.00, ,0.00,136.50,85,137.00,713,15.50
3712,永崴投控,4458576,3713,189082107,42.65,43.45,41.65,42.30,-,0.45,42.25,5,42.30,27,27.47
3714,富采,644269,799,27780351,43.30,43.40,42.95,42.95,-,0.45,42.95,9,43.00,40,0.00
3715,定穎投控,6111531,3203,481809036,78.60,79.90,77.50,78.60,-,0.10,78.50,20,78.60,2,26.03
4104,佳醫,54119,141,4726597,87.40,87.50,87.20,87.20,-,0.20,87.20,15,87.30,3,18.96
4106,雃博,39828,104,1105014,27.80,27.80,27.65,27.65,-,0.10,27.65,6,27.70,5,19.20
4108,懷特,191203,185,4096575,21.45,21.65,21.30,21.50,+,0.05,21.45,10,21.50,1,0.00
4119,旭富,143503,163,13582372,94.50,95.00,94.30,94.60,+,0.10,94.50,2,94.70,1,26.95
4133,亞諾法,249981,448,8433994,33.90,34.05,33.50,33.50,-,0.40,33.50,4,33.60,2,45.27
4137,麗豐-KY,42729,53,8105689,189.00,190.00,189.00,189.50,-,0.50,189.50,9,190.00,1,16.07
4142,國光生,591683,331,18417085,31.15,31.30,31.00,31.10, ,0.00,31.10,20,31.15,9,0.00
4148,全宇生技-KY,89269,93,4202962,45.30,48.20,45.30,47.30,+,1.20,47.15,1,47.30,1,15.56
4155,訊映,111493,140,2764922,24.80,24.85,24.75,24.80,-,0.05,24.80,1,24.85,7,124.00
4164,承業醫,347583,286,19874076,57.40,57.80,56.70,56.80,-,0.40,56.80,6,56.90,3,31.21
4190,佐登-KY,53223,36,3024399,56.80,57.10,56.50,57.10,+,0.30,56.90,2,57.10,4,0.00
4306,炎洲,687386,585,11620294,16.95,17.00,16.80,16.85,-,0.15,16.80,31,16.85,4,12.67
4414,如興,482002,79,1670019,3.48,3.50,3.45,3.48, ,0.00,3.46,11,3.48,79,0.00
4426,利勤,98143,94,1936370,19.75,19.85,19.65,19.80,+,0.10,19.80,3,19.85,7,86.09
4438,廣越,40006,66,4413690,110.00,110.50,110.00,110.00, ,0.00,110.00,25,110.50,4,14.82
4439,冠星-KY,13000,11,1614500,124.50,124.50,124.00,124.00,-,0.50,124.00,6,124.50,1,10.52
4440,宜新實業,98404,96,2483909,25.85,25.85,25.10,25.30,-,0.10,25.30,1,25.40,5,26.91
4526,東台,1011811,813,18760822,18.70,18.90,18.30,18.35,-,0.65,18.35,1,18.40,5,0.00
4532,瑞智,318820,198,6753122,21.15,21.30,21.10,21.10,-,0.10,21.10,36,21.15,3,15.07
4536,拓凱,137954,209,25035944,182.00,183.50,179.50,180.00,-,2.50,179.50,3,180.00,5,10.30
4540,全球傳動,212917,178,6950213,32.35,33.05,32.20,32.20,-,0.05,32.15,3,32.20,12,49.54
4545,銘鈺,6044,50,180619,29.90,29.90,29.85,29.85,-,0.05,29.70,2,29.80,1,20.87
4551,智伸科,281670,223,29996422,106.00,108.00,105.50,106.00, ,0.00,106.00,27,106.50,2,15.96
4552,力達-KY,199530,125,6407143,32.00,32.25,31.95,32.10,+,0.10,32.05,2,32.10,18,9.22
4555,氣立,85014,85,5346056,63.00,63.30,62.60,63.10,+,0.40,62.80,2,62.90,1,300.48
4557,永新-KY,32030,42,3646468,113.50,114.50,113.50,114.00,-,0.50,113.50,20,115.00,4,12.78
4560,強信-KY,54000,24,1932600,35.80,36.00,35.65,36.00,+,0.30,35.70,6,36.00,2,23.84
4562,穎漢,20000,14,300350,15.05,15.05,15.00,15.00,-,0.10,14.95,2,15.00,1,0.00
4564,元翎,252472,490,5872560,23.30,23.40,23.10,23.20,-,0.15,23.20,4,23.25,12,0.00
4566,時碩工業,90172,84,4638562,51.20,51.60,51.20,51.50,+,0.40,51.40,1,51.50,1,15.28
4569,六方科-KY,3000,3,268400,89.50,89.50,89.40,89.40,+,0.30,89.00,2,89.70,2,9.46
4571,鈞興-KY,77800,46,6395300,82.40,82.40,82.10,82.10,-,0.30,82.00,10,82.10,4,17.18
4572,駐龍,157200,131,23734034,151.00,152.00,150.00,152.00,+,1.00,151.50,9,152.00,7,26.95
4576,大銀微系統,14235,26,887428,62.10,62.40,62.10,62.20,+,0.10,62.20,1,62.30,1,144.65
4581,光隆精密-KY,43050,35,2745065,63.70,64.50,63.40,63.80,-,0.10,63.40,2,63.60,1,11.52
4583,台灣精銳,21195,34,4357837,207.00,207.00,204.00,204.00, ,0.00,203.50,1,204.50,1,16.37
4720,德淵,156927,112,2427870,15.50,15.55,15.40,15.50, ,0.00,15.40,3,15.50,1,20.67
4722,國精化,46843,28,1753628,37.30,37.50,37.30,37.35,-,0.15,37.30,12,37.40,1,32.76
4736,泰博,64912,97,10545312,161.50,163.00,161.50,163.00,+,1.00,162.50,10,163.00,10,12.01
4737,華廣,119563,104,8407378,71.20,71.20,70.00,70.40,-,0.90,70.30,3,70.40,2,190.27
4739,康普,179019,244,12469618,69.20,70.10,69.20,69.90,+,0.10,69.80,1,69.90,3,0.00
4746,台耀,7221911,5089,855074548,115.50,121.00,115.50,117.00,+,1.00,117.00,82,117.50,23,52.23
4755,三福化,1013093,1008,133345332,129.50,134.50,128.00,129.00,+,1.00,129.00,34,129.50,10,32.82
4763,材料-KY,1579743,2584,1317442310,834.00,843.00,827.00,834.00,+,4.00,833.00,14,835.00,19,17.40
4764,雙鍵,26000,16,1001750,38.55,38.90,38.50,38.90,+,0.20,38.40,1,38.65,1,0.00
4766,南寶,654476,3035,186676209,290.00,291.00,282.00,284.00,-,7.00,284.00,3,285.00,5,16.10
4770,上品,205454,260,68964471,336.00,338.00,332.50,334.50,-,1.00,334.00,9,335.00,1,14.79
4807,日成-KY,1040,6,17107,16.45,16.45,16.45,16.45, ,0.00,16.45,5,16.60,2,0.00
4904,遠傳,2142731,1399,170719213,79.40,79.80,79.40,79.80,+,0.10,79.80,16,79.90,104,23.89
4906,正文,3265470,2024,115107718,35.65,35.80,35.00,35.00,-,0.60,35.00,109,35.05,52,13.36
4912,聯德控股-KY,61588,72,5316419,85.30,86.90,85.30,86.70,+,0.70,86.50,1,86.90,2,31.30
4915,致伸,916847,774,60147182,65.60,65.80,65.40,65.80, ,0.00,65.60,6,65.80,91,11.75
4916,事欣科,203549,180,6889381,34.00,34.00,33.75,33.80,-,0.15,33.75,11,33.80,8,18.67
4919,新唐,777722,845,101081382,131.00,131.00,129.50,129.50,-,1.50,129.50,73,130.00,29,22.40
4927,泰鼎-KY,97212,112,4688852,48.40,48.65,48.00,48.35,-,0.05,48.05,1,48.35,1,0.00
4930,燦星網,155502,259,5214551,33.40,33.90,33.40,33.50,+,0.10,33.50,8,33.55,1,9.91
4934,太極,416936,324,10805161,25.95,26.05,25.80,25.85,-,0.10,25.85,12,25.90,3,15.12
4935,茂林-KY,23318,22,1161450,49.80,49.90,49.65,49.90,+,0.10,49.65,5,49.95,2,12.08
4938,和碩,5557364,4151,463477473,84.20,84.30,83.00,83.30,-,0.90,83.20,53,83.30,28,14.07
4942,嘉彰,84834,75,3635273,42.95,42.95,42.75,42.75,+,0.05,42.75,3,42.80,1,10.91
4943,康控-KY,12815,51,192949,15.10,15.10,15.10,15.10,+,0.10,15.05,5,15.10,1,0.00
4952,凌通,62269,89,3242289,52.00,52.40,52.00,52.00,-,0.20,51.90,2,52.00,1,32.10
4956,光鋐,9176452,5106,212296051,23.35,24.20,22.40,22.60,-,0.70,22.60,37,22.65,1,0.00
4958,臻鼎-KY,2967440,1676,300431973,100.50,102.50,100.50,102.00,+,0.50,101.00,173,102.00,152,13.04
4960,誠美材,6125303,1335,79652491,12.95,13.15,12.90,13.00,-,0.05,12.95,332,13.00,55,0.00
4961,天鈺,593567,791,139417587,237.50,237.50,234.00,235.00,-,1.50,234.50,9,235.00,3,14.49
4967,十銓,1617133,1292,128119076,80.10,80.10,78.60,78.60,-,1.40,78.60,19,78.70,15,49.43
4968,立積,8755866,7117,1545727012,170.00,180.00,168.50,176.00,+,7.50,175.50,76,176.00,45,0.00
4976,佳凌,153308,177,5977240,39.45,39.45,38.80,38.85,-,0.60,38.80,35,38.90,1,0.00
4977,眾達-KY,267403,278,19181973,72.00,72.30,71.30,71.60,-,0.50,71.50,30,71.60,6,10.21
4989,榮科,97166,122,2515359,25.90,26.10,25.70,25.80,-,0.15,25.75,5,25.80,4,0.00
4994,傳奇,95681,163,5842172,60.90,62.40,60.20,61.80,+,1.00,61.30,1,61.80,1,29.71
4999,鑫禾,77525,308,2676141,34.90,34.90,34.40,34.55,-,0.35,34.50,8,34.55,1,493.57
5007,三星,16913,19,936349,55.30,55.70,55.30,55.50, ,0.00,55.30,1,55.40,1,16.42
5203,訊連,1254496,1204,119023203,93.00,98.00,92.90,93.20,+,2.00,93.10,7,93.20,12,44.81
5215,科嘉-KY,68002,88,3795776,56.10,56.20,55.50,55.50,-,0.30,55.50,4,55.60,1,20.56
5222,全訊,186574,397,29761671,159.50,160.50,159.00,159.00, ,0.00,159.00,8,159.50,1,28.65
5225,東科-KY,473608,525,34300179,71.80,72.70,71.80,72.60,+,0.80,72.50,5,72.70,7,10.55
5234,達興材料,2157199,1756,234623982,110.50,110.50,107.50,108.00,+,0.50,108.00,137,108.50,5,22.09
5243,乙盛-KY,481771,409,27076271,56.50,56.50,56.00,56.30,-,0.20,56.10,11,56.30,13,13.00
5244,弘凱,1158276,849,61770788,54.20,54.90,52.60,52.70,-,1.50,52.70,2,52.80,5,21.96
5258,虹堡,1515454,1359,179012272,118.50,119.50,117.00,117.50,-,1.00,117.00,108,117.50,2,12.83
5269,祥碩,1314801,1944,2364805100,1795.00,1835.00,1755.00,1810.00,-,10.00,1810.00,6,1815.00,10,67.19
5283,禾聯碩,16786,45,1893269,112.50,113.00,112.50,113.00,+,0.50,112.50,14,113.00,21,13.92
5284,jpp-KY,4573840,3846,597069509,131.00,133.50,127.50,131.50,+,0.50,131.00,15,131.50,72,13.63
5285,界霖,64301,95,4331197,67.60,67.90,66.50,67.30,-,0.20,67.30,3,67.40,1,37.60
5288,豐祥-KY,12991,26,2250125,173.50,173.50,173.00,173.00,-,0.50,173.00,3,173.50,1,11.18
5292,華懋,311443,834,40782018,129.00,133.00,128.50,129.00,-,0.50,129.00,10,130.00,8,14.07
5306,桂盟,82590,138,10528206,126.00,128.00,126.00,127.50, ,0.00,127.00,1,127.50,2,17.47
5388,中磊,1449713,1073,186380570,128.50,129.50,128.00,128.50,+,0.50,128.00,65,128.50,9,14.89
5434,崇越,132786,832,24607187,186.00,186.00,184.50,186.00,-,0.50,185.00,11,186.00,22,12.69
5469,瀚宇博,13179816,7939,748720540,55.40,57.70,55.20,57.00,+,2.40,56.90,71,57.00,57,10.40
5471,松翰,139371,207,7607293,55.10,55.10,54.20,54.50,-,0.20,54.50,5,54.60,2,55.61
5484,慧友,85646,123,2283805,26.40,26.90,26.40,26.90,+,0.20,26.60,2,26.95,6,0.00
5515,建國,384302,296,6656913,17.30,17.50,17.20,17.30, ,0.00,17.25,1,17.30,4,13.73
5519,隆大,325649,255,9897088,30.40,30.55,30.25,30.40,+,0.10,30.40,1,30.45,13,12.88
5521,工信,8337437,2301,108298381,13.20,13.35,12.80,12.95,-,0.20,12.90,44,12.95,67,80.94
5522,遠雄,367563,341,21128274,56.90,57.80,56.90,57.70,+,0.80,57.60,17,57.70,27,13.67
5525,順天,418668,230,11631999,26.65,28.15,26.65,27.95,+,0.90,27.90,2,27.95,15,9.74
5531,鄉林,316435,180,3311542,10.45,10.60,10.40,10.45,+,0.05,10.40,15,10.45,82,0.00
5533,皇鼎,197111,153,4587569,23.30,23.40,23.15,23.20,-,0.05,23.20,5,23.25,1,8.14
5534,長虹,117861,155,8945587,75.60,76.10,75.60,75.90,+,0.20,75.80,5,75.90,1,16.22
5538,東明-KY,2279,4,76748,33.75,33.75,33.75,33.75,+,0.60,33.15,1,33.75,1,15.27
5546,永固-KY,39010,26,1170510,30.20,30.20,29.90,29.95,-,0.25,29.85,1,29.95,2,0.00
5607,遠雄港,254156,207,14075016,55.40,55.60,55.20,55.50, ,0.00,55.30,5,55.50,6,14.96
5608,四維航,732990,499,14256696,19.50,19.65,19.35,19.35,-,0.05,19.35,148,19.40,1,0.00
5706,鳳凰,476139,483,32523468,68.30,69.10,67.60,67.60, ,0.00,67.50,29,67.70,3,44.47
5871,中租-KY,3706705,6175,661320223,179.00,179.50,177.00,177.50,-,2.00,177.50,75,178.00,5,12.32
5871A,中租-KY甲特,11070,11,1078918,97.40,97.50,97.40,97.50,+,0.10,97.50,5,97.60,1,0.00
5876,上海商銀,2118226,1127,94546583,44.30,44.80,44.25,44.70,+,0.40,44.70,18,44.75,24,13.03
5880,合庫金,5934867,3113,152350478,25.40,25.75,25.40,25.70,+,0.20,25.70,28,25.75,206,18.90
5906,台南-KY,0,0,0,0,0,0,0, ,0.00,64.20,2,64.90,1,18.60
5907,大洋-KY,123884,66,1365656,11.00,11.05,10.95,11.05,+,0.05,11.00,31,11.05,19,0.00
6005,群益證,2625195,1037,42346517,16.05,16.20,16.00,16.15,+,0.10,16.15,44,16.20,1132,9.12
6024,群益期,122377,132,6132812,50.10,50.20,50.00,50.20,+,0.10,50.00,25,50.20,3,10.48
6108,競國,1620202,1045,36454572,22.60,22.80,22.25,22.45,-,0.45,22.40,6,22.45,9,56.12
6112,邁達特,1206857,1320,84534617,70.80,71.10,69.30,69.50,-,1.90,69.50,9,69.70,1,21.52
6115,鎰勝,61825,89,2866005,46.45,46.55,46.25,46.25,-,0.20,46.25,13,46.30,6,14.41
6116,彩晶,11504931,2551,141084726,12.15,12.40,12.15,12.20, ,0.00,12.20,384,12.25,319,0.00
6117,迎廣,3950939,3115,294411963,76.00,76.50,72.60,72.60,-,3.50,72.60,30,72.70,1,1210.00
6120,達運,10411632,4323,168011621,16.10,16.60,15.80,15.80,-,0.15,15.80,121,15.85,46,41.58
6128,上福,27353,25,927213,34.05,34.05,33.80,34.00,-,0.05,33.85,1,34.00,2,9.63
6133,金橋,930417,502,14047917,14.55,15.35,14.55,15.05,+,0.45,15.05,58,15.10,12,45.61
6136,富爾特,186584,162,4096783,22.05,22.15,21.80,21.90,-,0.25,21.90,2,22.00,6,22.35
6139,亞翔,1876246,1633,302880806,161.50,164.00,160.00,160.50,-,0.50,160.50,228,161.00,16,17.39
6141,柏承,51200,33,854880,16.55,16.75,16.55,16.65, ,0.00,16.65,3,16.70,1,0.00
6142,友勁,297325,144,2985030,10.00,10.15,9.99,10.05, ,0.00,10.00,2,10.05,36,91.36
6152,百一,786059,342,8706854,11.20,11.20,10.95,11.10,-,0.05,11.05,1,11.10,63,222.00
6153,嘉聯益,573081,474,11874095,20.75,20.80,20.55,20.70,-,0.05,20.70,99,20.75,4,0.00
6155,鈞寶,527987,456,14434077,27.65,27.65,27.05,27.05,-,0.40,27.05,9,27.30,1,24.15
6164,華興,2592087,1066,34814372,13.60,13.90,13.15,13.15,-,0.55,13.15,45,13.20,24,73.06
6165,浪凡,2286880,1062,84888636,34.45,37.45,34.45,37.45,+,3.40,37.45,516,0,0,0.00
6166,凌華,252401,233,15910789,63.40,64.30,62.30,62.30,-,0.90,62.30,19,62.60,1,39.68
6168,宏齊,833735,511,21851039,26.40,26.50,25.90,25.90,-,0.50,25.85,10,25.90,11,35.48
6176,瑞儀,1290968,1149,179498616,138.50,139.50,138.50,139.50,+,0.50,139.00,66,139.50,144,10.78
6177,達麗,1093477,329,37191518,33.85,34.35,33.85,34.00, ,0.00,34.00,133,34.05,24,35.05
6183,關貿,13672,73,912518,67.00,67.00,66.70,66.70,+,0.10,66.60,7,66.90,10,22.46
6184,大豐電,22200,21,1145952,51.70,51.70,51.60,51.60, ,0.00,51.60,2,51.70,1,14.66
6189,豐藝,408909,1137,24140648,59.90,59.90,58.60,58.60,-,1.00,58.60,17,58.80,13,14.12
6191,精成科,3044017,2178,197826958,63.80,65.60,63.60,64.80,+,1.30,64.80,7,64.90,55,10.30
6192,巨路,66172,278,5972180,91.00,91.00,89.60,90.10,+,0.10,89.70,3,90.10,1,10.20
6196,帆宣,1021640,1424,149465092,147.50,147.50,144.50,146.50,+,0.50,146.50,39,147.00,59,12.27
6197,佳必琪,186426,209,14817312,79.10,80.50,79.10,79.30,-,0.20,79.20,1,79.30,1,18.70
6201,亞弘電,187850,316,11135880,58.30,60.00,58.30,59.30,+,1.10,59.10,2,59.30,6,13.36
6202,盛群,359628,474,22130914,62.30,62.30,61.30,61.30,-,0.50,61.30,58,61.40,11,95.78
6205,詮欣,2012294,1518,166643595,81.50,83.90,81.20,83.00,+,1.50,83.00,14,83.10,11,29.43
6206,飛捷,55134,123,3746486,67.80,68.10,67.80,68.00,-,0.10,67.90,8,68.10,1,22.97
6209,今國光,157579,121,4128253,26.25,26.40,26.00,26.00,-,0.35,26.00,37,26.05,1,236.36
6213,聯茂,1554475,1262,129117892,84.30,84.30,82.50,82.80,-,1.20,82.80,44,82.90,14,43.81
6214,精誠,479929,455,54504824,114.50,115.00,113.00,113.00,-,2.00,113.00,55,113.50,15,18.59
6215,和椿,178401,157,4599851,26.00,26.00,25.65,25.75,-,0.25,25.70,3,25.75,2,21.11
6216,居易,143316,130,4321481,30.30,30.30,30.10,30.10,-,0.20,30.10,4,30.15,1,22.30
6224,聚鼎,36212,65,1931103,53.30,53.50,53.20,53.20, ,0.00,53.20,7,53.30,1,42.90
6225,天瀚,17772,19,235676,13.75,13.75,13.05,13.60, ,0.00,13.00,1,13.50,2,0.00
6226,光鼎,643810,338,7171495,11.35,11.40,10.95,10.95,-,0.30,10.90,69,11.05,1,0.00
6230,尼得科超眾,10269,19,1344457,132.00,132.00,130.00,130.50,-,0.50,130.50,2,131.00,1,14.18
6235,華孚,10242546,9736,1022484320,103.50,103.50,96.40,100.00,-,4.50,100.00,143,100.50,85,25.64
6239,力成,10401854,8892,1519845858,144.00,148.50,143.50,145.00,-,0.50,144.50,84,145.00,29,20.08
6243,迅杰,3566118,2699,269210587,76.10,76.80,74.00,74.00,-,2.10,74.00,39,74.50,44,42.53
6257,矽格,5006523,6558,341378473,69.00,69.50,67.00,67.20,-,1.50,67.10,57,67.20,41,17.87
6269,台郡,387604,420,33320612,86.30,86.30,85.60,85.60,-,0.70,85.60,39,86.00,21,13.94
6271,同欣電,1349800,1139,196702521,143.50,147.50,143.00,147.50,+,4.00,147.00,2,147.50,8,27.37
6277,宏正,36158,51,2880748,79.70,79.70,79.60,79.60,-,0.10,79.60,23,79.70,1,14.53
6278,台表科,1681020,1396,157135959,92.80,94.40,92.60,93.10,+,0.30,93.00,1,93.10,5,9.90
6281,全國電,30405,45,2590920,85.00,85.40,85.00,85.10,-,0.10,85.20,3,85.30,1,16.00
6282,康舒,2979709,1926,116594202,39.40,39.60,38.90,38.90,-,0.45,38.90,30,38.95,9,0.00
6283,淳安,690358,378,17920104,26.65,26.65,25.60,25.80,-,0.85,25.80,3,25.90,2,0.00
6285,啟碁,2760269,2218,398726143,145.50,146.00,143.00,144.50,-,1.00,144.00,116,144.50,11,15.76
6288,聯嘉,732335,457,22646510,30.75,31.35,30.65,30.70,-,0.10,30.70,21,30.85,8,0.00
6405,悅城,203280,131,5007384,24.60,25.05,24.40,24.40,-,0.15,24.40,3,24.45,2,0.00
6409,旭隼,147455,341,199734370,1350.00,1365.00,1340.00,1350.00, ,0.00,1350.00,5,1355.00,1,30.81
6412,群電,1103773,998,167985071,150.00,154.50,148.50,151.50,+,3.00,151.00,37,151.50,5,19.73
6414,樺漢,926907,1283,251733475,270.50,273.00,270.00,270.50,+,0.50,270.50,24,271.00,19,8.94
6415,矽力*-KY,4931682,4842,2004126343,407.50,419.00,396.00,402.00,+,1.50,401.00,20,402.00,5,102.03
6416,瑞祺電通,329762,285,35758512,108.50,109.00,107.50,108.50, ,0.00,108.50,3,109.00,18,21.96
6426,統新,70708,102,4821223,68.70,68.80,67.80,68.00,-,0.60,67.90,9,68.20,2,0.00
6431,光麗-KY,23027,33,374766,16.55,16.55,16.20,16.30,+,0.10,16.25,5,16.30,2,0.00
6438,迅得,300425,290,31375183,105.00,105.50,103.50,103.50,-,1.50,103.50,17,104.00,2,11.75
6442,光聖,1309037,1040,98092180,73.60,75.60,73.20,74.60,+,1.20,74.50,5,74.60,11,32.72
6443,元晶,1046278,719,29534977,28.45,28.45,28.10,28.10,-,0.05,28.10,34,28.15,1,26.02
6446,藥華藥,694031,1127,223058049,321.00,324.00,319.00,319.00,-,2.00,319.00,23,319.50,6,0.00
6449,鈺邦,109149,129,7333838,67.00,67.60,66.70,67.40,+,0.50,67.00,1,67.40,1,19.54
6451,訊芯-KY,1497075,1397,260547193,175.00,177.00,171.00,173.00,-,1.00,172.50,15,173.00,3,74.25
6456,GIS-KY,687750,555,44728415,64.50,66.00,64.20,64.20,-,0.30,64.10,10,64.20,3,0.00
6464,台數科,19200,15,1653650,85.80,86.30,85.80,86.20,-,0.10,86.00,1,86.30,5,12.49
6472,保瑞,1921677,2643,1287063579,659.00,676.00,658.00,674.00,+,16.00,673.00,3,674.00,13,23.73
6477,安集,243183,342,9179046,38.00,38.05,37.60,37.65,-,0.30,37.65,7,37.70,2,16.37
6491,晶碩,193934,357,71941041,372.50,373.50,368.50,373.00,+,1.50,373.00,1,373.50,1,19.39
6504,南六,45126,53,3262492,72.30,73.10,72.00,72.20, ,0.00,72.20,1,72.40,1,54.29
6505,台塑化,1849085,1350,136183077,73.40,74.00,73.00,74.00,+,0.80,74.00,10,74.10,146,66.67
6515,穎崴,1365720,2010,1071409446,770.00,799.00,769.00,775.00,+,14.00,774.00,4,776.00,2,33.29
6525,捷敏-KY,44202,68,2917508,66.60,66.60,65.70,65.70,-,0.40,65.70,6,65.90,1,14.93
6526,達發,648004,1208,371949663,576.00,582.00,568.00,572.00,-,6.00,571.00,7,573.00,1,85.76
6531,愛普*,2998384,3241,1482909830,495.00,499.50,490.50,490.50,-,3.50,490.50,15,491.00,8,69.67
6533,晶心科,742993,1412,351887899,473.50,478.50,471.00,472.00,-,6.00,472.00,6,472.50,4,0.00
6534,正瀚-創,34100,27,2799080,81.80,82.20,81.80,82.20, ,0.00,82.10,1,82.20,1,17.95
6541,泰福-KY,242978,200,15859974,64.60,66.20,64.00,65.20,+,0.30,65.10,4,65.20,2,0.00
6550,北極星藥業-KY,843922,625,59897984,70.80,71.60,70.50,70.50,-,0.20,70.50,26,70.60,5,0.00
6552,易華電,45802,163,1575748,34.80,34.80,34.10,34.40,-,0.20,34.15,2,34.25,1,0.00
6558,興能高,86201,75,2195572,25.45,25.60,25.30,25.55, ,0.00,25.50,2,25.55,1,0.00
6573,虹揚-KY,13051,13,179000,13.65,13.85,13.55,13.85,+,0.10,13.60,7,13.85,1,0.00
6579,研揚,883305,953,143479257,167.50,167.50,158.50,159.00,-,7.50,158.50,15,159.00,4,21.17
6581,鋼聯,8212,32,737690,89.00,90.00,89.00,90.00,+,0.70,89.10,1,89.50,1,18.48
6582,申豐,15322,58,817433,53.20,53.50,53.20,53.20,-,0.40,53.20,1,53.30,6,0.00
6585,鼎基,228225,222,29830050,130.00,132.50,128.50,131.00,+,1.00,130.50,6,131.00,1,26.41
6591,動力-KY,76550,94,3763668,48.90,49.40,48.90,49.05,+,0.15,49.00,3,49.15,4,13.19
6592,和潤企業,641103,762,77319115,121.50,121.50,120.00,120.50,-,0.50,120.00,216,121.00,27,21.60
6592A,和潤企業甲特,5260,14,508997,96.80,96.80,96.70,96.80,+,0.10,96.70,66,96.80,2,0.00
6592B,和潤企業乙特,5543,20,524116,94.50,94.60,94.50,94.60, ,0.00,94.60,3,94.80,2,0.00
6598,ABC-KY,15050,43,345827,23.10,23.10,22.90,22.90,-,0.05,22.90,4,22.95,1,0.00
6605,帝寶,229921,312,33804009,147.00,148.00,146.50,147.00,+,0.50,146.50,23,147.00,1,11.72
6606,建德工業,47324,41,1113844,23.35,23.70,23.35,23.70,+,0.10,23.55,1,23.75,10,22.79
6625,必應,213409,247,20498117,95.90,96.90,95.40,96.00,+,0.10,96.00,1,96.10,3,15.97
6641,基士德-KY,4000,4,176550,43.90,44.35,43.90,44.35,+,0.35,43.95,1,44.40,1,23.97
6645,金萬林-創,47000,26,1744250,37.35,37.35,36.90,37.15,-,0.15,37.15,4,37.20,2,0.00
6655,科定,1208,28,138121,0,0,0,0, ,0.00,115.00,2,116.00,1,33.92
6657,華安,160901,99,10057596,61.30,63.30,61.30,62.40,+,0.70,62.40,4,62.50,1,0.00
6658,聯策,16077,18,719010,44.85,44.85,44.60,44.60,-,0.30,44.60,3,44.85,6,17.70
6666,羅麗芬-KY,9000,8,564800,62.60,62.80,62.60,62.80,+,0.30,62.70,1,62.80,1,45.51
6668,中揚光,1032586,815,49560634,48.10,48.45,47.70,47.70,-,0.40,47.70,2,47.75,3,0.00
6669,緯穎,1867777,3105,3920078585,2095.00,2140.00,2075.00,2080.00,-,15.00,2080.00,10,2085.00,9,29.14
6670,復盛應用,197405,288,43910254,224.00,224.00,221.00,221.00,-,2.00,221.00,5,221.50,1,10.43
6671,三能-KY,6000,6,241800,40.30,40.30,40.30,40.30, ,0.00,40.25,2,40.35,3,13.57
6672,騰輝電子-KY,456373,590,41367613,90.90,92.00,89.40,89.60,-,1.30,89.60,2,89.70,4,14.71
6674,鋐寶科技,13000,10,351650,27.15,27.15,26.90,27.00,-,0.05,26.90,3,27.00,1,0.00
6689,伊雲谷,174428,176,21159543,121.50,123.50,120.50,120.50,-,1.00,120.50,12,121.00,4,54.52
6691,洋基工程,185145,417,59334035,320.00,323.00,319.00,323.00,+,0.50,323.00,3,324.00,1,15.48
6695,芯鼎,9090858,6532,770549559,83.90,86.50,83.20,84.60,-,0.10,84.60,21,84.70,8,0.00
6698,旭暉應材,681689,555,24151522,36.00,36.40,34.80,34.80,-,1.20,34.80,3,34.90,6,0.00
6706,惠特,119130,177,7833272,66.40,66.40,65.50,65.70,-,0.70,65.70,4,65.80,1,0.00
6715,嘉基,144569,153,22276263,153.00,156.00,151.50,154.50,+,0.50,154.50,2,155.00,2,21.25
6719,力智,4597225,4662,1249455820,276.50,281.00,262.00,263.00,-,4.50,262.50,57,263.00,4,375.71
6742,澤米,171214,290,10050131,58.20,60.00,58.10,58.70,+,0.70,58.70,1,58.80,5,15.61
6743,安普新,102300,78,5099348,49.55,50.00,49.55,49.80,-,0.20,49.80,9,49.90,2,0.00
6753,龍德造船,240998,332,20038126,83.20,84.80,82.70,82.70,-,0.80,82.70,6,82.80,1,19.32
6754,匯僑設計,35230,37,2020850,57.30,57.60,57.00,57.40,+,0.10,57.30,1,57.40,3,11.34
6756,威鋒電子,443015,641,114973734,263.00,263.50,256.50,257.00,-,5.50,257.00,12,257.50,1,83.17
6757,台灣虎航-創,265553,99,8535920,31.90,32.40,31.90,32.30,+,0.30,32.25,3,32.30,2,15.24
6768,志強-KY,49015,34,3193385,65.70,65.70,65.00,65.30,+,0.10,65.20,2,65.40,1,17.65
6770,力積電,13978087,5182,387936368,27.90,27.95,27.55,27.95,-,0.10,27.90,15,27.95,473,47.37
6776,展碁國際,82487,123,4770088,58.50,58.50,57.40,57.80,-,0.40,57.70,2,57.90,1,11.42
6781,AES-KY,270881,413,178427144,654.00,662.00,647.00,660.00,+,5.00,660.00,91,661.00,3,25.40
6782,視陽,214012,1377,52262745,244.00,249.00,241.50,243.50,-,0.50,243.50,2,245.00,7,48.03
6789,采鈺,2303681,4311,635967402,282.50,282.50,273.50,274.00,-,7.00,274.00,67,274.50,1,154.80
6790,永豐實,62612,81,2649112,42.20,42.85,42.20,42.30,+,0.05,42.30,3,42.35,1,14.74
6792,詠業,119393,84,9918742,83.60,83.60,82.80,82.90,-,0.70,82.90,1,83.00,1,16.29
6796,晉弘,114504,153,11811808,104.00,104.00,102.00,103.50,-,1.50,103.00,10,103.50,2,47.92
6799,來頡,1895336,2417,345556866,179.50,185.00,179.00,182.00,+,3.50,181.50,27,182.00,35,34.73
6805,富世達,866056,3032,428867327,503.00,505.00,488.00,495.50,-,8.50,495.00,5,496.00,5,57.09
6806,森崴能源,2379279,2579,264653389,112.00,114.00,109.00,110.00,-,1.50,110.00,10,110.50,16,65.87
6807,峰源-KY,4000,2,141800,35.45,35.45,35.45,35.45, ,0.00,35.45,4,35.50,1,8.54
6830,汎銓,487599,381,69001393,138.50,143.50,138.00,141.50,+,3.00,141.50,3,142.00,21,22.18
6834,天二科技,2002,3,48899,24.40,24.45,24.40,24.45,-,0.30,24.40,3,24.50,1,0.00
6835,圓裕,1471770,944,70397370,47.95,49.00,46.80,47.55,+,0.05,47.50,1,47.55,1,18.36
6854,錼創科技-KY創,63005,25,5703750,91.10,92.10,90.00,91.40,-,0.20,91.30,1,91.60,1,0.00
6861,睿生光電,17704,39,1450537,82.00,82.00,81.70,81.70,-,0.30,81.80,2,81.90,1,23.89
6863,永道-KY,464234,680,71974052,154.00,158.00,152.50,153.00, ,0.00,153.00,44,153.50,4,33.55
6869,雲豹能源-創,192023,132,23324760,121.50,122.50,120.50,121.00, ,0.00,121.00,3,121.50,4,13.07
6873,泓德能源-創,1022050,529,160911350,154.00,160.00,154.00,158.00,+,4.00,158.00,28,158.50,25,20.98
6901,鑽石投資,975960,702,43256039,43.40,44.65,43.40,44.10,+,0.50,44.10,2,44.20,4,0.00
6902,走著瞧-創,50,1,8500,0,0,0,0, ,0.00,160.00,1,170.00,2,0.00
6906,現觀科,502380,3193,104550683,216.00,217.50,201.50,211.00,-,6.00,210.50,2,211.00,1,130.25
6916,華凌,69528,79,2003462,29.20,29.20,28.70,28.75,-,0.30,28.75,2,28.85,1,7.28
6933,AMAX-KY,215172,406,51218758,241.00,243.00,235.00,236.00,-,7.50,235.50,6,236.50,1,46.27
6937,天虹,191699,150,38315426,200.00,202.50,198.00,198.50,-,1.50,198.50,4,199.00,1,36.16
8011,台通,1709663,678,38620994,22.70,22.85,22.50,22.55, ,0.00,22.55,54,22.60,12,0.00
8016,矽創,636313,1755,174997680,277.50,277.50,273.50,273.50,-,5.50,273.50,15,274.00,4,18.20
8021,尖點,215603,495,6096487,28.45,28.50,28.15,28.25,+,0.05,28.20,6,28.25,1,0.00
8028,昇陽半導體,488291,419,25037845,51.70,51.70,51.00,51.10,-,0.40,51.10,4,51.30,2,22.12
8033,雷虎,999688,912,52406369,53.20,53.50,52.00,52.10,-,1.10,52.10,113,52.40,4,0.00
8039,台虹,402071,496,19219742,48.05,48.30,47.50,47.80, ,0.00,47.70,6,47.80,11,26.26
8046,南電,1159714,1702,260368211,224.00,225.50,222.50,225.00,+,0.50,224.50,15,225.00,35,14.36
8070,長華*,298122,387,10353376,34.80,34.90,34.60,34.60,-,0.40,34.60,80,34.65,7,14.54
8072,陞泰,2168766,1016,59063300,26.30,28.00,26.20,26.50,+,0.30,26.50,9,26.60,21,33.12
8081,致新,1337893,1664,332172824,257.00,257.00,245.00,245.00,-,11.50,245.00,55,245.50,5,15.58
8101,華冠,10357,23,40258,3.89,3.89,3.89,3.89, ,0.00,3.89,23,4.00,4,0.00
8103,瀚荃,209432,186,9281069,45.00,45.00,43.90,44.00,-,0.60,44.00,4,44.05,1,15.60
8104,錸寶,76044,102,2710169,35.80,36.00,35.40,35.65,-,0.05,35.40,7,35.65,1,0.00
8105,凌巨,3923724,1718,54960365,14.10,14.30,13.80,13.85,-,0.15,13.85,52,13.90,22,22.34
8110,華東,22722768,8542,376051780,16.20,17.00,16.05,16.20, ,0.00,16.15,19,16.20,67,0.00
8112,至上,2521143,1900,151832733,60.30,60.60,60.00,60.30,+,0.10,60.20,26,60.30,27,20.44
8112A,至上甲特,16644,16,700075,42.05,42.10,42.05,42.10,+,0.10,42.05,26,42.10,9,0.00
8114,振樺電,33241,35,3927541,118.50,118.50,118.00,118.00, ,0.00,118.00,12,118.50,1,19.54
8131,福懋科,167581,188,6403978,38.20,38.40,38.05,38.30,+,0.10,38.30,116,38.35,1,21.52
8150,南茂,1694994,1058,72349236,42.95,43.15,42.40,42.60,-,0.20,42.45,4,42.60,1,19.81
8163,達方,604910,534,31395851,51.40,52.30,51.40,51.70,+,0.20,51.70,8,51.80,5,8.29
8201,無敵,493828,387,9828451,20.25,20.30,19.65,19.95,-,0.05,19.90,6,19.95,11,0.00
8210,勤誠,9218876,11924,2666919738,298.50,299.00,283.50,286.50,-,14.50,286.50,1,287.00,3,50.53
8213,志超,222775,211,9177207,41.30,41.35,41.05,41.10,-,0.10,41.05,6,41.10,2,10.28
8215,明基材,3162450,1912,113244660,35.40,36.15,35.10,36.10,+,0.80,36.10,18,36.15,60,19.73
8222,寶一,844336,754,38749855,46.00,46.45,45.40,45.40,-,0.60,45.40,9,45.55,1,58.21
8249,菱光,94014,66,2736806,29.05,29.30,29.05,29.10,+,0.05,29.05,9,29.10,2,16.26
8261,富鼎,604214,636,54523950,89.50,91.40,89.10,90.50,+,1.10,90.40,12,90.50,3,30.78
8271,宇瞻,177315,190,10096056,57.00,57.20,56.70,56.80,-,0.20,56.80,8,56.90,4,13.52
8341,日友,65822,170,7109183,107.50,108.50,107.50,108.00,+,0.50,108.00,9,108.50,7,29.35
8367,建新國際,10118,17,448854,44.55,44.55,44.20,44.35,-,0.15,44.35,2,44.45,1,15.03
8374,羅昇,2459,7,68426,27.85,27.85,27.80,27.80,-,0.20,27.75,1,27.95,1,0.00
8404,百和興業-KY,687395,623,12608332,18.50,18.50,18.25,18.35,-,0.15,18.30,14,18.35,12,0.00
8411,福貞-KY,122952,255,1777403,14.60,14.60,14.35,14.45,-,0.15,14.40,1,14.45,4,43.79
8422,可寧衛,61689,120,11072174,179.50,180.00,179.00,179.50, ,0.00,179.50,4,180.00,15,16.95
8429,金麗-KY,91784,199,986293,10.70,10.80,10.70,10.75,-,0.05,10.75,3,10.80,45,0.00
8438,昶昕,5000,5,128850,25.80,25.95,25.70,25.95,+,0.25,25.70,1,25.80,1,28.21
8442,威宏-KY,73572,80,7583869,103.00,103.50,102.50,103.00, ,0.00,103.00,23,103.50,1,9.82
8443,阿瘦,42839,73,509288,11.95,11.95,11.85,11.85, ,0.00,11.80,17,11.85,1,0.00
8454,富邦媒,336904,1332,151594061,450.00,452.50,447.50,450.50,+,0.50,450.50,15,451.00,1,30.92
8462,柏文,45016,95,5250390,116.50,118.00,116.00,116.00, ,0.00,115.50,9,116.50,1,154.67
8463,潤泰材,16367,13,393083,24.00,24.10,23.85,23.90,-,0.20,23.90,2,24.10,3,30.25
8464,億豐,232549,272,78867636,336.50,340.50,332.50,340.00,+,5.50,339.00,3,340.00,14,17.98
8466,美吉吉-KY,22100,18,1027225,46.50,46.70,46.20,46.70,+,0.20,46.50,1,46.70,3,0.00
8467,波力-KY,423199,468,73633099,168.00,177.00,168.00,174.50,+,6.00,174.00,2,174.50,13,30.61
8473,山林水,30214,26,887535,29.50,29.50,29.20,29.20,-,0.30,29.20,1,29.40,6,0.00
8476,台境,91246,104,4685109,50.10,53.00,50.00,51.90,+,1.70,51.30,1,51.90,2,5.71
8478,東哥遊艇,205188,1163,70358801,343.50,346.00,341.00,343.00,-,2.00,343.00,5,343.50,3,15.46
8481,政伸,6339,10,323489,51.10,51.10,51.00,51.00, ,0.00,51.00,2,51.10,5,24.64
8482,商億-KY,1000,1,66100,66.10,66.10,66.10,66.10,-,0.20,66.10,3,66.70,1,15.85
8488,吉源-KY,57000,44,898600,15.60,15.95,15.60,15.70,+,0.10,15.70,1,15.75,4,0.00
8499,鼎炫-KY,4557,11,582011,128.00,128.00,127.50,128.00,+,1.00,127.00,8,127.50,1,9.45
8926,台汽電,313647,321,12491675,39.70,40.00,39.60,39.85,+,0.25,39.75,16,39.85,15,17.48
8940,新天地,526220,381,16141839,30.05,30.90,30.05,30.45,+,0.40,30.40,3,30.45,1,20.86
8996,高力,1425179,1483,319792125,220.50,228.00,219.00,224.00,+,3.00,224.00,4,224.50,7,31.24
9103,美德醫療-DR,837145,263,5943970,7.29,7.29,6.99,7.14,-,0.36,7.14,1,7.15,2,0.00
910322,康師傅-DR,187697,510,2873429,15.45,15.50,15.15,15.25,-,0.10,15.20,22,15.25,8,0.00
9105,泰金寶-DR,87754687,10787,330249225,3.60,3.85,3.58,3.79,+,0.28,3.78,561,3.79,128,0.00
910861,神州-DR,225216,100,971274,4.37,4.42,4.26,4.26,-,0.12,4.26,6,4.27,24,0.00
9110,越南控-DR,82000,57,607910,7.42,7.46,7.37,7.41,-,0.05,7.41,8,7.45,3,0.00
911608,明輝-DR,26000,13,72920,2.82,2.82,2.76,2.81, ,0.00,2.77,3,2.81,2,0.00
911622,泰聚亨-DR,21000,11,106850,5.10,5.10,5.05,5.05,+,0.01,5.04,1,5.08,1,0.00
911868,同方友友-DR,93000,26,109940,1.19,1.19,1.18,1.18, ,0.00,1.18,77,1.19,48,0.00
912000,晨訊科-DR,208000,47,461670,2.22,2.22,2.21,2.21, ,0.00,2.21,41,2.22,3,0.00
9136,巨騰-DR,159000,60,1041370,6.57,6.57,6.54,6.56,+,0.02,6.55,7,6.56,164,0.00
9802,鈺齊-KY,274211,294,33772351,122.50,124.00,122.00,123.00,-,0.50,122.50,45,123.00,1,11.50
9902,台火,45337,41,586776,12.95,12.95,12.90,12.95, ,0.00,12.95,48,13.00,8,61.67
9904,寶成,2685210,1451,83635581,31.15,31.20,30.95,31.20,+,0.05,31.15,54,31.20,76,11.77
9905,大華,66455,46,1591039,23.95,24.05,23.90,23.95,-,0.10,23.95,2,24.00,6,16.07
9906,欣巴巴,458061,471,27787141,61.60,61.60,60.00,60.70,-,0.50,60.60,3,60.70,1,9.30
9907,統一實,1521524,1298,23049238,15.15,15.25,15.10,15.15,-,0.10,15.10,347,15.20,21,32.23
9908,大台北,24751,42,803287,32.35,32.55,32.35,32.55,+,0.20,32.45,130,32.55,3,14.73
9910,豐泰,671296,736,110583186,164.00,166.00,163.00,164.50,+,1.50,164.50,31,165.00,33,30.41
9911,櫻花,77051,151,5401468,69.80,70.40,69.80,70.10, ,0.00,70.10,7,70.20,1,15.47
9912,偉聯,143296,128,1675334,11.55,11.80,11.55,11.70,+,0.15,11.60,1,11.70,30,0.00
9914,美利達,554014,596,94713463,170.50,173.00,169.50,170.00,-,1.00,170.00,86,170.50,6,22.11
9917,中保科,305537,425,35748751,116.50,117.50,116.50,117.50,+,1.50,117.00,23,117.50,63,20.12
9918,欣天然,1001,2,40091,40.05,40.05,40.05,40.05,X,0.00,40.05,3,40.45,2,22.50
9919,康那香,1777568,1164,46025104,26.15,26.20,25.70,25.85,-,0.30,25.85,6,25.90,70,7.69
9921,巨大,900116,1099,161044558,176.50,180.00,176.50,179.00,+,3.50,179.00,46,179.50,34,21.06
9924,福興,197097,182,9669701,49.40,49.40,48.80,48.80,-,0.40,48.80,13,48.85,1,10.75
9925,新保,194086,166,7784549,40.30,40.30,40.05,40.15,+,0.05,40.10,21,40.15,5,16.66
9926,新海,0,0,0,0,0,0,0, ,0.00,53.80,10,54.10,1,20.93
9927,泰銘,289036,312,19385958,67.30,67.70,66.60,66.70,-,0.60,66.70,3,66.80,1,11.46
9928,中視,139908,123,2543598,18.35,18.35,18.00,18.25,-,0.15,18.15,7,18.25,1,0.00
9929,秋雨,52099,20,877497,16.95,17.00,16.80,16.90,-,0.20,16.90,9,17.10,2,54.52
9930,中聯資源,31967,80,1785698,55.70,56.10,55.70,56.00,+,0.10,56.00,8,56.10,2,18.18
9931,欣高,7371,16,279276,37.80,37.90,37.80,37.90,-,0.05,37.80,5,38.00,1,29.38
9933,中鼎,643928,503,27150793,42.05,42.35,41.90,42.30,+,0.25,42.25,2,42.30,12,19.40
9934,成霖,453903,229,7004384,15.45,15.55,15.40,15.40,-,0.05,15.40,14,15.45,5,12.62
9935,慶豐富,213085,250,4438018,20.80,21.20,20.70,20.70,-,0.25,20.70,4,20.75,6,33.39
9937,全國,6120,26,407837,66.10,67.00,66.10,66.80,+,0.60,66.80,1,66.90,1,27.04
9938,百和,659191,513,35428815,53.30,54.30,53.30,53.40,+,0.20,53.30,15,53.40,1,28.40
9939,宏全,971780,781,127838916,129.50,132.50,129.00,131.50,+,2.50,131.50,5,132.00,8,16.34
9940,信義,108787,121,3168883,28.95,29.30,28.95,29.10,+,0.10,29.10,10,29.15,1,13.53
9941,裕融,275340,915,48664107,176.00,177.50,176.00,177.00,+,0.50,176.50,32,177.00,17,17.44
9941A,裕融甲特,17000,5,850000,50.00,50.00,50.00,50.00, ,0.00,50.00,53,50.10,10,0.00
9942,茂順,103860,203,13322908,128.00,129.50,127.50,128.00, ,0.00,127.50,13,128.50,1,11.07
9943,好樂迪,133627,143,11887933,88.90,89.80,88.50,88.80,-,0.10,88.80,2,89.00,1,13.83
9944,新麗,138488,145,2818658,20.35,20.45,20.30,20.40, ,0.00,20.30,18,20.40,18,6.11
9945,潤泰新,3579239,1934,129941058,36.35,36.45,36.05,36.35,+,0.55,36.30,6,36.35,21,17.48
9946,三發地產,677235,321,14297510,21.20,21.35,20.95,21.25,-,0.15,21.20,11,21.25,17,125.00
9955,佳龍,98435,115,2287036,23.40,23.40,23.15,23.20,-,0.15,23.15,1,23.20,15,0.00
9958,世紀鋼,5648810,5263,1243886049,216.00,224.50,215.00,219.50,+,2.50,219.00,9,219.50,30,114.92
